Ano,Mes,IdRegion,IdServicio,IdComuna,IdEstablecimiento,50_54,55_59,60_64,65_69,numerador_mujeres_50_69,servicio_salud_piv,dependencia_piv,comuna_piv,establecimiento_piv,denominador_piv_mujeres_50_69,codigo_madre_master,servicio_salud_master,tipo_establecimiento_master,establecimiento_master,dependencia_master,comuna_master,estado_funcionamiento_master,denominador_disponible,cobertura_mamografia_pct,advertencia_cobertura_establecimiento
2025,12,13,9,13104,109302,353,347,396,262,1358,Metropolitano Norte,Municipal ,Conchalí,Centro De Salud Familiar Lucas Sierra,3907.0,,Servicio de Salud Metropolitano Norte,Centro de Salud Familiar (CESFAM),Centro de Salud Familiar Lucas Sierra,Municipal,Conchalí,Vigente en Operación Habitual,True,34.758126439723576,
2025,12,13,9,13104,109308,368,405,408,181,1362,Metropolitano Norte,Municipal ,Conchalí,Centro De Salud Familiar Alberto Bachelet Martínez,3814.0,,Servicio de Salud Metropolitano Norte,Centro de Salud Familiar (CESFAM),Centro de Salud Familiar Alberto Bachelet Martínez,Municipal,Conchalí,Vigente en Operación Habitual,True,35.710540115364445,
2025,12,13,9,13104,109309,295,305,236,123,959,Metropolitano Norte,Municipal ,Conchalí,Centro De Salud Familiar José Symon Ojeda,3245.0,,Servicio de Salud Metropolitano Norte,Centro de Salud Familiar (CESFAM),Centro de Salud Familiar José Symon Ojeda,Municipal,Conchalí,Vigente en Operación Habitual,True,29.553158705701076,
2025,12,13,9,13104,109314,234,458,568,210,1470,Metropolitano Norte,Municipal ,Conchalí,Centro De Salud Familiar Juanita Aguirre,3586.0,,Servicio de Salud Metropolitano Norte,Centro de Salud Familiar (CESFAM),Centro de Salud Familiar Juanita Aguirre,Municipal,Conchalí,Vigente en Operación Habitual,True,40.99274958170664,
2025,12,13,9,13104,109709,115,93,103,67,378,Metropolitano Norte,Municipal ,Conchalí,Centro Comunitario De Salud Familiar Dr. José Symón Ojeda,620.0,109309,Servicio de Salud Metropolitano Norte,Centro Comunitario de Salud Familiar (CECOSF),Centro Comunitario de Salud Familiar Dr. José Symón Ojeda,Municipal,Conchalí,Vigente en Operación Habitual,True,60.967741935483865,
2025,12,13,9,13104,200347,116,105,131,60,412,Metropolitano Norte,Municipal ,Conchalí,Centro Comunitario De Salud Familiar Alberto Bachelet,270.0,109308,Servicio de Salud Metropolitano Norte,Centro Comunitario de Salud Familiar (CECOSF),Centro Comunitario de Salud Familiar Alberto Bachelet,Municipal,Conchalí,Vigente en Operación Habitual,True,152.59259259259258,
2025,12,13,9,13104,200609,67,57,58,18,200,Metropolitano Norte,Municipal ,Conchalí,Centro Comunitario De Salud Familiar Dr. Lucas Sierra,106.0,109302,Servicio de Salud Metropolitano Norte,Centro Comunitario de Salud Familiar (CECOSF),Centro Comunitario de Salud Familiar Dr. Lucas Sierra,Municipal,Conchalí,Vigente en Operación Habitual,True,188.67924528301887,
2025,12,13,9,13107,109305,395,425,376,138,1334,Metropolitano Norte,Municipal ,Huechuraba,Centro De Salud Familiar  La Pincoya,3407.0,,Servicio de Salud Metropolitano Norte,Centro de Salud Familiar (CESFAM),Centro de Salud Familiar La Pincoya,Municipal,Huechuraba,Vigente en Operación Habitual,True,39.154681538009974,
2025,12,13,9,13107,109317,216,202,146,56,620,Metropolitano Norte,Municipal ,Huechuraba,Centro De Salud Familiar El Barrero,1476.0,,Servicio de Salud Metropolitano Norte,Centro de Salud Familiar (CESFAM),Centro de Salud Familiar El Barrero,Municipal,Huechuraba,Vigente en Operación Habitual,True,42.00542005420054,
2025,12,13,9,13107,109323,305,267,177,74,823,Metropolitano Norte,Municipal ,Huechuraba,Centro De Salud Familiar Dr. Salvador Allende Gossens (Huechuraba),2061.0,,Servicio de Salud Metropolitano Norte,Centro de Salud Familiar (CESFAM),Centro de Salud Familiar Dr. Salvador Allende Gossens,Municipal,Huechuraba,Vigente en Operación Habitual,True,39.932071809801066,
2025,12,13,9,13107,109718,91,106,136,88,421,Metropolitano Norte,Municipal ,Huechuraba,Centro Comunitario De Salud Familiar Los Libertadores,1173.0,109305,Servicio de Salud Metropolitano Norte,Centro Comunitario de Salud Familiar (CECOSF),Centro Comunitario de Salud Familiar Los Libertadores,Municipal,Huechuraba,Vigente en Operación Habitual,True,35.89087809036658,
2025,12,13,9,13107,200961,164,133,153,147,597,Metropolitano Norte,Municipal ,Huechuraba,Cesfam Dr. Victor Castro Wirén,1438.0,,Servicio de Salud Metropolitano Norte,Centro de Salud Familiar (CESFAM),Centro de Salud Familiar Dr. Victor Castro Wiren,Municipal,Huechuraba,Vigente en Operación Habitual,True,41.51599443671766,
2025,12,13,9,13108,109300,690,603,584,253,2130,Metropolitano Norte,Municipal ,Independencia,Centro De Salud Familiar Agustín Cruz Melo,7839.0,,Servicio de Salud Metropolitano Norte,Centro de Salud Familiar (CESFAM),Centro de Salud Familiar Agustín Cruz Melo,Municipal,Independencia,Vigente en Operación Habitual,True,27.171833141982393,
2025,12,13,9,13108,109321,432,429,376,273,1510,Metropolitano Norte,Municipal ,Independencia,Centro De Salud Familiar Juan Antonio Ríos,3402.0,,Servicio de Salud Metropolitano Norte,Centro de Salud Familiar (CESFAM),Centro de Salud Familiar Juan Antonio Ríos,Municipal,Independencia,Vigente en Operación Habitual,True,44.38565549676661,
2025,12,13,9,13108,200554,105,147,129,79,460,Metropolitano Norte,Municipal ,Independencia,Cecof Las Enredaderas,117.0,109300,Servicio de Salud Metropolitano Norte,Centro Comunitario de Salud Familiar (CECOSF),Centro Comunitario de Salud Familiar Las Enredaderas,Municipal,Independencia,Vigente en Operación Habitual,True,393.16239316239313,
2025,12,13,9,13125,109313,411,386,365,182,1344,Metropolitano Norte,Municipal ,Quilicura,Centro De Salud Familiar  Irene Frei De Cid,4571.0,,Servicio de Salud Metropolitano Norte,Centro de Salud Familiar (CESFAM),Centro de Salud Familiar Irene Frei de Cid,Municipal,Quilicura,Vigente en Operación Habitual,True,29.402756508422666,
2025,12,13,9,13125,109315,521,526,431,206,1684,Metropolitano Norte,Municipal ,Quilicura,Centro De Salud Familiar  Manuel Bustos De Quilicura,5539.0,,Servicio de Salud Metropolitano Norte,Centro de Salud Familiar (CESFAM),Centro de Salud Familiar Manuel Bustos Huerta,Municipal,Quilicura,Vigente en Operación Habitual,True,30.402599747246796,
2025,12,13,9,13125,109324,655,529,409,143,1736,Metropolitano Norte,Municipal ,Quilicura,Centro De Salud Familiar Presidente Salvador Allende Gossens (Quilicura),6445.0,,Servicio de Salud Metropolitano Norte,Centro de Salud Familiar (CESFAM),Centro de Salud Familiar Presidente Salvador Allende Gossens,Municipal,Quilicura,Vigente en Operación Habitual,True,26.935608999224204,
2025,12,13,9,13125,109713,33,39,24,7,103,Metropolitano Norte,Municipal ,Quilicura,Centro Comunitario De Salud Familiar La Foresta,496.0,109324,Servicio de Salud Metropolitano Norte,Centro Comunitario de Salud Familiar (CECOSF),Centro Comunitario de Salud Familiar La Foresta,Municipal,Quilicura,Vigente en Operación Habitual,True,20.766129032258064,
2025,12,13,9,13125,109715,13,21,12,16,62,Metropolitano Norte,Municipal ,Quilicura,Centro Comunitario De Salud Familiar Pucara De Lasana,374.0,109315,Servicio de Salud Metropolitano Norte,Centro Comunitario de Salud Familiar (CECOSF),Centro Comunitario de Salud Familiar Pucara de Lasana,Municipal,Quilicura,Vigente en Operación Habitual,True,16.577540106951872,
2025,12,13,9,13125,200304,38,41,58,41,178,Metropolitano Norte,Municipal ,Quilicura,Centro Comunitario De Salud Familiar Beato Padre Hurtado,322.0,109313,Servicio de Salud Metropolitano Norte,Centro Comunitario de Salud Familiar (CECOSF),Centro Comunitario de Salud Familiar Beato Padre Hurtado,Municipal,Quilicura,Vigente en Operación Habitual,True,55.27950310559007,
2025,12,13,9,13125,201091,271,284,393,198,1146,Metropolitano Norte,Municipal ,Quilicura,Cesfam Marta Ugarte Roman,3776.0,,Servicio de Salud Metropolitano Norte,Centro de Salud Familiar (CESFAM),Centro de Salud Familiar Marta Ugarte Román,Municipal,Quilicura,Vigente en Operación Habitual,True,30.34957627118644,
2025,12,13,9,13127,109301,455,398,378,249,1480,Metropolitano Norte,Municipal ,Recoleta,Centro De Salud Familiar Recoleta,5003.0,,Servicio de Salud Metropolitano Norte,Centro de Salud Familiar (CESFAM),Centro de Salud Familiar Recoleta,Municipal,Recoleta,Vigente en Operación Habitual,True,29.58225064961023,
2025,12,13,9,13127,109303,498,433,228,216,1375,Metropolitano Norte,Municipal ,Recoleta,Centro De Salud Familiar Quinta Bella,3605.0,,Servicio de Salud Metropolitano Norte,Centro de Salud Familiar (CESFAM),Centro de Salud Familiar Quinta Bella,Municipal,Recoleta,Vigente en Operación Habitual,True,38.141470180305134,
2025,12,13,9,13127,109304,153,148,174,112,587,Metropolitano Norte,Municipal ,Recoleta,Centro De Salud Familiar Valdivieso,1400.0,,Servicio de Salud Metropolitano Norte,Centro de Salud Familiar (CESFAM),Centro de Salud Familiar Valdivieso,Municipal,Recoleta,Vigente en Operación Habitual,True,41.92857142857142,
2025,12,13,9,13127,109307,135,154,176,141,606,Metropolitano Norte,Municipal ,Recoleta,Centro De Salud Familiar Dr. Juan Petrinovic (Ex Scroggie),3277.0,,Servicio de Salud Metropolitano Norte,Centro de Salud Familiar (CESFAM),Centro de Salud Familiar Dr. Juan Petrinovic (Ex Scroggie),Municipal,Recoleta,Vigente en Operación Habitual,True,18.492523649679583,
2025,12,13,9,13127,109390,504,450,354,283,1591,Metropolitano Norte,Otra Institución,Recoleta,Centro De Salud Familiar Cristo Vive (Ong),3287.0,,Servicio de Salud Metropolitano Norte,Centro de Salud Familiar (CESFAM),Centro de Salud Familiar Cristo Vive (ONG),Otra Institución,Recoleta,Vigente en Operación Habitual,True,48.40279890477639,
2025,12,13,9,13301,109310,610,495,500,367,1972,Metropolitano Norte,Municipal ,Colina,Centro De Salud Familiar Colina,6482.0,,Servicio de Salud Metropolitano Norte,Centro de Salud Familiar (CESFAM),Centro de Salud Familiar Colina,Municipal,Colina,Vigente en Operación Habitual,True,30.422709040419623,
2025,12,13,9,13301,109316,628,610,579,261,2078,Metropolitano Norte,Municipal ,Colina,Centro De Salud Familiar Esmeralda,5822.0,,Servicio de Salud Metropolitano Norte,Centro de Salud Familiar (CESFAM),Centro de Salud Familiar Esmeralda,Municipal,Colina,Vigente en Operación Habitual,True,35.692201992442456,
2025,12,13,9,13301,109416,24,32,17,11,84,Metropolitano Norte,Municipal ,Colina,Posta De Salud Rural Colorado,4.0,,Servicio de Salud Metropolitano Norte,Posta de Salud Rural (PSR),Posta de Salud Rural Colorado,Municipal,Colina,Vigente en Operación Habitual,True,2100.0,
2025,12,13,9,13301,109417,19,19,19,13,70,Metropolitano Norte,Municipal ,Colina,Posta De Salud Rural Los Ingleses,7.0,,Servicio de Salud Metropolitano Norte,Posta de Salud Rural (PSR),Posta de Salud Rural Los Ingleses,Municipal,Colina,Vigente en Operación Habitual,True,1000.0,
2025,12,13,9,13301,109418,32,36,15,7,90,Metropolitano Norte,Municipal ,Colina,Posta De Salud Rural Las Canteras,12.0,,Servicio de Salud Metropolitano Norte,Posta de Salud Rural (PSR),Posta de Salud Rural Las Canteras,Municipal,Colina,Vigente en Operación Habitual,True,750.0,
2025,12,13,9,13301,109419,22,20,18,8,68,Metropolitano Norte,Municipal ,Colina,Posta De Salud Rural Santa Marta De Liray,7.0,,Servicio de Salud Metropolitano Norte,Posta de Salud Rural (PSR),Posta de Salud Rural Santa Marta de Liray,Municipal,Colina,Vigente en Operación Habitual,True,971.4285714285713,
2025,12,13,9,13301,109420,18,23,21,12,74,Metropolitano Norte,Municipal ,Colina,Posta De Salud Rural Chacabuco (Colina),3.0,,Servicio de Salud Metropolitano Norte,Posta de Salud Rural (PSR),Posta de Salud Rural Chacabuco (Colina),Municipal,Colina,Vigente en Operación Habitual,True,2466.666666666667,
2025,12,13,9,13301,109716,55,40,28,10,133,Metropolitano Norte,Municipal ,Colina,Centro Comunitario De Salud Familiar Esmeralda,94.0,109316,Servicio de Salud Metropolitano Norte,Centro Comunitario de Salud Familiar (CECOSF),Centro Comunitario de Salud Familiar Esmeralda,Municipal,Colina,Vigente en Operación Habitual,True,141.48936170212767,
2025,12,13,9,13301,201462,450,267,226,124,1067,Metropolitano Norte,Municipal ,Colina,Centro De Salud Familiar La Reina,411.0,,Servicio de Salud Metropolitano Norte,Centro de Salud Familiar (CESFAM),CESFAM La Reina de Colina,Municipal,Colina,Vigente en Operación Habitual,True,259.61070559610704,
2025,12,13,9,13302,109311,480,351,240,113,1184,Metropolitano Norte,Municipal ,Lampa,Centro De Salud Familiar  José Bauza Frau,4347.0,,Servicio de Salud Metropolitano Norte,Centro de Salud Familiar (CESFAM),Centro de Salud Familiar José Bauza Frau,Municipal,Lampa,Vigente en Operación Habitual,True,27.237175063262022,
2025,12,13,9,13302,109312,189,155,118,59,521,Metropolitano Norte,Municipal ,Lampa,Centro De Salud Familiar Batuco,1666.0,,Servicio de Salud Metropolitano Norte,Centro de Salud Familiar (CESFAM),Centro de Salud Familiar Batuco,Municipal,Lampa,Vigente en Operación Habitual,True,31.27250900360144,
2025,12,13,9,13302,109712,61,68,54,27,210,Metropolitano Norte,Municipal ,Lampa,Centro Comunitario De Salud Familiar Batuco,643.0,109312,Servicio de Salud Metropolitano Norte,Centro Comunitario de Salud Familiar (CECOSF),Centro Comunitario de Salud Familiar Batuco,Municipal,Lampa,Vigente en Operación Habitual,True,32.65940902021773,
2025,12,13,9,13302,201212,175,148,127,48,498,,,,,,,Servicio de Salud Metropolitano Norte,Centro de Salud Familiar (CESFAM),Centro de Salud Familiar Juan Pablo II de Lampa,Municipal,Lampa,Vigente en Operación Habitual,False,,Sin denominador PIV directo; no usar como cobertura establecimiento
2025,12,13,9,13303,109104,132,118,108,100,458,,,,,,,Servicio de Salud Metropolitano Norte,Hospital,Hospital de Til Til,Servicio de Salud,Tiltil,Vigente en Operación Habitual,False,,Sin denominador PIV directo; no usar como cobertura establecimiento
2025,12,13,9,13303,109320,160,131,95,79,465,Metropolitano Norte,Municipal ,Tiltil,Centro De Salud Familiar Huertos Familiares,1547.0,,Servicio de Salud Metropolitano Norte,Centro de Salud Familiar (CESFAM),Centro de Salud Familiar Huertos Familiares,Municipal,Tiltil,Vigente en Operación Habitual,True,30.058177117000646,
2025,12,13,9,13303,109410,23,16,10,9,58,Metropolitano Norte,Municipal ,Tiltil,Posta De Salud Rural La Capilla De Caleu,69.0,,Servicio de Salud Metropolitano Norte,Posta de Salud Rural (PSR),Posta de Salud Rural La Capilla de Caleu,Municipal,Tiltil,Vigente en Operación Habitual,True,84.05797101449275,
2025,12,13,9,13303,109412,26,18,19,18,81,Metropolitano Norte,Municipal ,Tiltil,Posta De Salud Rural Montenegro,59.0,,Servicio de Salud Metropolitano Norte,Posta de Salud Rural (PSR),Posta de Salud Rural Montenegro,Municipal,Tiltil,Vigente en Operación Habitual,True,137.28813559322032,
2025,12,13,9,13303,109413,24,13,12,15,64,Metropolitano Norte,Municipal ,Tiltil,Posta De Salud Rural Rungue,65.0,,Servicio de Salud Metropolitano Norte,Posta de Salud Rural (PSR),Posta de Salud Rural Rungue,Municipal,Tiltil,Vigente en Operación Habitual,True,98.46153846153847,
2025,12,13,9,13303,109414,63,46,48,24,181,Metropolitano Norte,Municipal ,Tiltil,Posta De Salud Rural Polpaico,222.0,,Servicio de Salud Metropolitano Norte,Posta de Salud Rural (PSR),Posta de Salud Rural Polpaico,Municipal,Tiltil,Vigente en Operación Habitual,True,81.53153153153153,
2025,12,13,10,13103,110330,365,323,313,135,1136,Metropolitano Occidente,Municipal ,Cerro Navia,Centro De Salud Familiar Dr. Adalberto Steeger,4636.0,,Servicio de Salud Metropolitano Occidente,Centro de Salud Familiar (CESFAM),Centro de Salud Familiar Dr. Adalberto Steeger,Municipal,Cerro Navia,Vigente en Operación Habitual,True,24.50388265746333,
2025,12,13,10,13103,110331,221,195,229,94,739,Metropolitano Occidente,Municipal ,Cerro Navia,Centro De Salud Familiar Lo Amor,2616.0,,Servicio de Salud Metropolitano Occidente,Centro de Salud Familiar (CESFAM),Centro de Salud Familiar Lo Amor,Municipal,Cerro Navia,Vigente en Operación Habitual,True,28.249235474006117,
2025,12,13,10,13103,110335,339,273,225,136,973,Metropolitano Occidente,Municipal ,Cerro Navia,Centro De Salud Familiar Cerro Navia,3745.0,,Servicio de Salud Metropolitano Occidente,Centro de Salud Familiar (CESFAM),Centro de Salud Familiar Cerro Navia,Municipal,Cerro Navia,Vigente en Operación Habitual,True,25.981308411214954,
2025,12,13,10,13103,110355,224,250,249,192,915,Metropolitano Occidente,Municipal ,Cerro Navia,Centro De Salud Familiar Dr. Arturo Albertz,4383.0,,Servicio de Salud Metropolitano Occidente,Centro de Salud Familiar (CESFAM),Centro de Salud Familiar Dr. Arturo Albertz,Municipal,Cerro Navia,Vigente en Operación Habitual,True,20.876112251882272,
2025,12,13,10,13103,110735,41,28,54,44,167,Metropolitano Occidente,Municipal ,Cerro Navia,Centro Comunitario De Salud Familiar Los Lagos (Unidad Vecinal Nº 33),14.0,110335,Servicio de Salud Metropolitano Occidente,Centro Comunitario de Salud Familiar (CECOSF),Centro Comunitario de Salud Familiar Los Lagos (Unidad Vecinal Nº 33),Municipal,Cerro Navia,Vigente en Operación Habitual,True,1192.857142857143,
2025,12,13,10,13117,110315,378,362,407,210,1357,Metropolitano Occidente,Municipal ,Lo Prado,Centro De Salud Familiar Santa Anita,4849.0,,Servicio de Salud Metropolitano Occidente,Centro de Salud Familiar (CESFAM),Centro de Salud Familiar Santa Anita,Municipal,Lo Prado,Vigente en Operación Habitual,True,27.985151577644874,
2025,12,13,10,13117,110316,381,312,280,207,1180,Metropolitano Occidente,Municipal ,Lo Prado,Centro De Salud Familiar Pablo Neruda,3717.0,,Servicio de Salud Metropolitano Occidente,Centro de Salud Familiar (CESFAM),Centro de Salud Familiar Pablo Neruda,Municipal,Lo Prado,Vigente en Operación Habitual,True,31.746031746031743,
2025,12,13,10,13117,110340,430,407,369,179,1385,Metropolitano Occidente,Municipal ,Lo Prado,Centro De Salud Familiar Dr. Raúl Yazigi,4907.0,,Servicio de Salud Metropolitano Occidente,Centro de Salud Familiar (CESFAM),Centro de Salud Familiar Dr. Raúl Yazigi,Municipal,Lo Prado,Vigente en Operación Habitual,True,28.22498471571225,
2025,12,13,10,13117,110345,227,215,270,147,859,Metropolitano Occidente,Municipal ,Lo Prado,Centro De Salud Familiar Dr. Avendaño,3862.0,,Servicio de Salud Metropolitano Occidente,Centro de Salud Familiar (CESFAM),Centro de Salud Familiar Dr. Carlos Avendaño,Municipal,Lo Prado,Vigente en Operación Habitual,True,22.242361470740548,
2025,12,13,10,13124,110350,555,539,607,236,1937,Metropolitano Occidente,Municipal ,Pudahuel,Centro De Salud Familiar Pudahuel Estrella,7402.0,,Servicio de Salud Metropolitano Occidente,Centro de Salud Familiar (CESFAM),Centro de Salud Familiar Pudahuel Estrella,Municipal,Pudahuel,Vigente en Operación Habitual,True,26.16860308024858,
2025,12,13,10,13124,110351,220,145,163,119,647,Metropolitano Occidente,Municipal ,Pudahuel,Consultorio Pudahuel Poniente,4853.0,,Servicio de Salud Metropolitano Occidente,Centro de Salud Familiar (CESFAM),Centro de Salud Familiar Pudahuel Poniente,Municipal,Pudahuel,Vigente en Operación Habitual,True,13.331959612610756,
2025,12,13,10,13124,110352,302,475,551,249,1577,Metropolitano Occidente,Municipal ,Pudahuel,Centro De Salud Familiar Dr. Gustavo Molina,5303.0,,Servicio de Salud Metropolitano Occidente,Centro de Salud Familiar (CESFAM),Centro de Salud Familiar Dr. Gustavo Molina,Municipal,Pudahuel,Vigente en Operación Habitual,True,29.737884216481238,
2025,12,13,10,13124,110353,349,270,211,129,959,Metropolitano Occidente,Municipal ,Pudahuel,Centro De Salud Familiar Cardenal Raúl Silva Henríquez De Pudahuel,2973.0,,Servicio de Salud Metropolitano Occidente,Centro de Salud Familiar (CESFAM),Centro de Salud Familiar Cardenal Raúl Silva Henríquez,Municipal,Pudahuel,Vigente en Operación Habitual,True,32.25697948200471,
2025,12,13,10,13124,110354,202,393,399,173,1167,Metropolitano Occidente,Municipal ,Pudahuel,Centro De Salud Familiar Violeta Parra,7635.0,,Servicio de Salud Metropolitano Occidente,Centro de Salud Familiar (CESFAM),Centro de Salud Familiar Violeta Parra,Municipal,Pudahuel,Vigente en Operación Habitual,True,15.284872298624755,
2025,12,13,10,13124,110410,10,9,7,2,28,Metropolitano Occidente,Municipal ,Pudahuel,Centro Comunitario De Salud Familiar Irene Frei Montalva,63.0,110351,Servicio de Salud Metropolitano Occidente,Centro Comunitario de Salud Familiar (CECOSF),Centro Comunitario de Salud Familiar Irene Frei Montalva,Municipal,Pudahuel,Vigente en Operación Habitual,True,44.44444444444444,
2025,12,13,10,13124,110750,17,17,34,10,78,Metropolitano Occidente,Municipal ,Pudahuel,Centro Comunitario De Salud Familiar Concejal Guillermo Flores O.,29.0,110350,Servicio de Salud Metropolitano Occidente,Centro Comunitario de Salud Familiar (CECOSF),Centro Comunitario de Salud Familiar Concejal Guillermo Flores O.,Municipal,Pudahuel,Vigente en Operación Habitual,True,268.9655172413793,
2025,12,13,10,13124,110752,92,108,101,81,382,Metropolitano Occidente,Municipal ,Pudahuel,Centro Comunitario De Salud Familiar Padre Félix Gutiérrez Donoso,76.0,110354,Servicio de Salud Metropolitano Occidente,Centro Comunitario de Salud Familiar (CECOSF),Centro Comunitario de Salud Familiar Padre Félix Gutiérrez Donoso,Municipal,Pudahuel,Vigente en Operación Habitual,True,502.6315789473684,
2025,12,13,10,13124,110754,44,54,53,40,191,Metropolitano Occidente,Municipal ,Pudahuel,Centro Comunitario De Salud Familiar Río Claro,42.0,110354,Servicio de Salud Metropolitano Occidente,Centro Comunitario de Salud Familiar (CECOSF),Centro Comunitario de Salud Familiar Río Claro,Municipal,Pudahuel,Vigente en Operación Habitual,True,454.76190476190476,
2025,12,13,10,13124,110756,22,23,22,18,85,Metropolitano Occidente,Municipal ,Pudahuel,Centro Comunitario De Salud Familiar Mar Caribe,76.0,110350,Servicio de Salud Metropolitano Occidente,Centro Comunitario de Salud Familiar (CECOSF),Centro Comunitario de Salud Familiar Mar Caribe,Municipal,Pudahuel,Vigente en Operación Habitual,True,111.8421052631579,
2025,12,13,10,13124,110758,44,20,20,8,92,Metropolitano Occidente,Municipal ,Pudahuel,Centro Comunitario De Salud Familiar Santa Corina,56.0,110350,Servicio de Salud Metropolitano Occidente,Centro Comunitario de Salud Familiar (CECOSF),Centro Comunitario de Salud Familiar Santa Corina,Municipal,Pudahuel,Vigente en Operación Habitual,True,164.28571428571428,
2025,12,13,10,13124,201353,4,3,3,0,10,,,,,,,Servicio de Salud Metropolitano Occidente,Centro Comunitario de Salud Familiar (CECOSF),Centro Comunitario de Salud Familiar Unión y Esfuerzo Rural,Municipal,Pudahuel,Vigente en Operación Habitual,False,,Sin denominador PIV directo; no usar como cobertura establecimiento
2025,12,13,10,13126,110310,144,114,106,61,425,Metropolitano Occidente,Servicio de Salud,Quinta Normal,CESFAM Andes,3237.0,,Servicio de Salud Metropolitano Occidente,Centro de Salud Familiar (CESFAM),Centro de Salud Familiar Andes,Servicio de Salud,Quinta Normal,Vigente en Operación Habitual,True,13.129440840284214,
2025,12,13,10,13126,110320,298,365,182,92,937,Metropolitano Occidente,Municipal ,Quinta Normal,Centro De Salud Familiar Lo Franco,4927.0,,Servicio de Salud Metropolitano Occidente,Centro de Salud Familiar (CESFAM),Centro de Salud Familiar Lo Franco,Municipal,Quinta Normal,Vigente en Operación Habitual,True,19.01765780393749,
2025,12,13,10,13126,110325,77,383,404,219,1083,Metropolitano Occidente,Municipal ,Quinta Normal,Centro De Salud Familiar Garín,4118.0,,Servicio de Salud Metropolitano Occidente,Centro de Salud Familiar (CESFAM),Centro de Salud Familiar Garín,Municipal,Quinta Normal,Vigente en Operación Habitual,True,26.29917435648373,
2025,12,13,10,13126,110720,44,49,59,41,193,,,,,,110320,Servicio de Salud Metropolitano Occidente,Centro Comunitario de Salud Familiar (CECOSF),Centro Comunitario de Salud Familiar Catamarca,Municipal,Quinta Normal,Vigente en Operación Habitual,False,,Sin denominador PIV directo; no usar como cobertura establecimiento
2025,12,13,10,13128,110360,954,883,925,490,3252,Metropolitano Occidente,Municipal ,Renca,Centro De Salud Familiar Renca,7678.0,,Servicio de Salud Metropolitano Occidente,Centro de Salud Familiar (CESFAM),Centro de Salud Familiar Renca,Municipal,Renca,Vigente en Operación Habitual,True,42.35477989059651,
2025,12,13,10,13128,110361,659,593,475,191,1918,Metropolitano Occidente,Municipal ,Renca,Centro De Salud Familiar Bicentenario,3905.0,,Servicio de Salud Metropolitano Occidente,Centro de Salud Familiar (CESFAM),Centro de Salud Familiar Bicentenario,Municipal,Renca,Vigente en Operación Habitual,True,49.11651728553137,
2025,12,13,10,13128,110362,375,257,319,278,1229,Metropolitano Occidente,Municipal ,Renca,Centro De Salud Familiar Dr. Hernán Urzúa Merino,3303.0,,Servicio de Salud Metropolitano Occidente,Centro de Salud Familiar (CESFAM),Centro de Salud Familiar Dr. Hernán Urzúa Merino,Municipal,Renca,Vigente en Operación Habitual,True,37.208598244020585,
2025,12,13,10,13128,110364,303,241,179,84,807,Metropolitano Occidente,Municipal ,Renca,Centro De Salud Familiar Huamachuco,2012.0,,Servicio de Salud Metropolitano Occidente,Centro de Salud Familiar (CESFAM),Centro de Salud Familiar Huamachuco,Municipal,Renca,Vigente en Operación Habitual,True,40.109343936381705,
2025,12,13,10,13501,110378,414,404,424,254,1496,Metropolitano Occidente,Municipal ,Melipilla,Centro De Salud Familiar Dr. Edelberto Elgueta,4437.0,,Servicio de Salud Metropolitano Occidente,Centro de Salud Familiar (CESFAM),Centro de Salud Familiar Dr. Edelberto Elgueta,Municipal,Melipilla,Vigente en Operación Habitual,True,33.71647509578544,
2025,12,13,10,13501,110379,642,680,517,273,2112,Metropolitano Occidente,Municipal ,Melipilla,Centro De Salud Familiar Dr. Francisco Boris Soler,4070.0,,Servicio de Salud Metropolitano Occidente,Centro de Salud Familiar (CESFAM),Centro de Salud Familiar Dr. Francisco Boris Soler,Municipal,Melipilla,Vigente en Operación Habitual,True,51.891891891891895,
2025,12,13,10,13501,110380,137,184,181,101,603,Metropolitano Occidente,Municipal ,Melipilla,Centro De Salud Familiar San Manuel,1370.0,,Servicio de Salud Metropolitano Occidente,Centro de Salud Familiar (CESFAM),Centro de Salud Familiar San Manuel,Municipal,Melipilla,Vigente en Operación Habitual,True,44.01459854014598,
2025,12,13,10,13501,110381,126,111,127,58,422,Metropolitano Occidente,Municipal ,Melipilla,Centro De Salud Rural Alfarera Rosa Reyes Vilches,758.0,,Servicio de Salud Metropolitano Occidente,Centro de Salud Familiar (CESFAM),Centro de Salud Familiar Alfarera Rosa Reyes Vilches,Municipal,Melipilla,Vigente en Operación Habitual,True,55.67282321899736,
2025,12,13,10,13501,110440,28,22,26,12,88,Metropolitano Occidente,Municipal ,Melipilla,Posta De Salud Rural Bollenar,890.0,,Servicio de Salud Metropolitano Occidente,Posta de Salud Rural (PSR),Posta de Salud Rural Bollenar,Municipal,Melipilla,Vigente en Operación Habitual,True,9.887640449438202,
2025,12,13,10,13501,110445,33,47,50,32,162,Metropolitano Occidente,Municipal ,Melipilla,Posta De Salud Rural Pahuilmo,635.0,,Servicio de Salud Metropolitano Occidente,Posta de Salud Rural (PSR),Posta de Salud Rural Pahuilmo,Municipal,Melipilla,Vigente en Operación Habitual,True,25.511811023622048,
2025,12,13,10,13501,110778,63,61,68,40,232,Metropolitano Occidente,Municipal ,Melipilla,Centro Comunitario De Salud Familiar Padre Demetrio Bravo,547.0,110378,Servicio de Salud Metropolitano Occidente,Centro Comunitario de Salud Familiar (CECOSF),Centro Comunitario de Salud Familiar Padre Demetrio Bravo,Municipal,Melipilla,Vigente en Operación Habitual,True,42.413162705667276,
2025,12,13,10,13501,110781,48,32,27,7,114,Metropolitano Occidente,Municipal ,Melipilla,Centro Comunitario De Salud Familiar Obispo Pablo Lizama,229.0,200965,Servicio de Salud Metropolitano Occidente,Centro Comunitario de Salud Familiar (CECOSF),Centro Comunitario de Salud Familiar Obispo Pablo Lizama,Municipal,Melipilla,Vigente en Operación Habitual,True,49.78165938864629,
2025,12,13,10,13501,110783,24,27,32,16,99,Metropolitano Occidente,Municipal ,Melipilla,Centro Comunitario De Salud Familiar Codigua,174.0,110380,Servicio de Salud Metropolitano Occidente,Centro Comunitario de Salud Familiar (CECOSF),Centro Comunitario de Salud Familiar Codigua,Municipal,Melipilla,Vigente en Operación Habitual,True,56.896551724137936,
2025,12,13,10,13501,200965,229,175,116,58,578,Metropolitano Occidente,Municipal ,Melipilla,Cesfam Florencia,1313.0,,Servicio de Salud Metropolitano Occidente,Centro de Salud Familiar (CESFAM),Centro de Salud Familiar Florencia,Municipal,Melipilla,Vigente en Operación Habitual,True,44.02132520944402,
2025,12,13,10,13502,110393,83,72,55,46,256,Metropolitano Occidente,Municipal ,Alhué,Centro De Salud Familiar Villa Alhué,805.0,,Servicio de Salud Metropolitano Occidente,Centro de Salud Familiar (CESFAM),Centro de Salud Familiar Villa Alhué,Municipal,Alhué,Vigente en Operación Habitual,True,31.801242236024844,
2025,12,13,10,13502,110503,51,45,39,16,151,Metropolitano Occidente,Municipal ,Alhué,Posta De Salud Rural Hacienda Alhué,70.0,110393,Servicio de Salud Metropolitano Occidente,Centro Comunitario de Salud Familiar (CECOSF),Centro Comunitario de Salud Familiar Hacienda Alhué,Municipal,Alhué,Vigente en Operación Habitual,True,215.7142857142857,
2025,12,13,10,13502,110505,14,8,15,5,42,Metropolitano Occidente,Municipal ,Alhué,Posta De Salud Rural Pichi,5.0,,Servicio de Salud Metropolitano Occidente,Posta de Salud Rural (PSR),Posta de Salud Rural Pichi,Municipal,Alhué,Vigente en Operación Habitual,True,840.0,
2025,12,13,10,13502,110510,13,23,14,6,56,Metropolitano Occidente,Municipal ,Alhué,Posta De Salud Rural El Asiento,6.0,,Servicio de Salud Metropolitano Occidente,Posta de Salud Rural (PSR),Posta de Salud Rural El Asiento,Municipal,Alhué,Vigente en Operación Habitual,True,933.3333333333334,
2025,12,13,10,13503,110160,243,278,285,133,939,Metropolitano Occidente,Servicio de Salud,Curacav¿,Hospital De Curacaví,2787.0,,Servicio de Salud Metropolitano Occidente,Hospital,Hospital de Curacaví,Servicio de Salud,Curacaví,Vigente en Operación Habitual,True,33.692142088266955,
2025,12,13,10,13504,110385,223,201,216,133,773,Metropolitano Occidente,Municipal ,María Pinto,Centro De Salud Familiar Adriana Madrid De Costabal,1008.0,,Servicio de Salud Metropolitano Occidente,Centro de Salud Familiar (CESFAM),Centro de Salud Familiar Adriana Madrid De Costabal,Municipal,Maria Pinto,Vigente en Operación Habitual,True,76.68650793650794,
2025,12,13,10,13504,110465,23,22,30,15,90,Metropolitano Occidente,Municipal ,María Pinto,Posta De Salud Rural Santa Emilia,376.0,,Servicio de Salud Metropolitano Occidente,Posta de Salud Rural (PSR),Posta de Salud Rural Santa Emilia,Municipal,Maria Pinto,Vigente en Operación Habitual,True,23.93617021276596,
2025,12,13,10,13504,110470,12,13,24,15,64,Metropolitano Occidente,Municipal ,María Pinto,Posta De Salud Rural Las Mercedes ( María Pinto ),190.0,,Servicio de Salud Metropolitano Occidente,Posta de Salud Rural (PSR),Posta de Salud Rural Las Mercedes ( María Pinto ),Municipal,Maria Pinto,Vigente en Operación Habitual,True,33.68421052631579,
2025,12,13,10,13504,110475,35,33,30,14,112,Metropolitano Occidente,Municipal ,María Pinto,Posta De Salud Rural Chorombo,408.0,,Servicio de Salud Metropolitano Occidente,Posta de Salud Rural (PSR),Posta de Salud Rural Chorombo,Municipal,Maria Pinto,Vigente en Operación Habitual,True,27.450980392156865,
2025,12,13,10,13505,110387,150,143,107,31,431,Metropolitano Occidente,Municipal ,San Pedro,Centro De Salud Familiar San Pedro,1077.0,,Servicio de Salud Metropolitano Occidente,Centro de Salud Familiar (CESFAM),Centro de Salud Familiar San Pedro,Municipal,San Pedro,Vigente en Operación Habitual,True,40.01857010213556,
2025,12,13,10,13505,110485,14,8,6,2,30,Metropolitano Occidente,Municipal ,San Pedro,Posta De Salud Rural Loica,90.0,,Servicio de Salud Metropolitano Occidente,Posta de Salud Rural (PSR),Posta de Salud Rural Loica,Municipal,San Pedro,Cerrado,True,33.33333333333333,
2025,12,13,10,13505,110490,8,11,5,3,27,Metropolitano Occidente,Municipal ,San Pedro,Posta De Salud Rural La Manga,57.0,,Servicio de Salud Metropolitano Occidente,Posta de Salud Rural (PSR),Posta de Salud Rural La Manga,Municipal,San Pedro,Vigente en Operación Habitual,True,47.368421052631575,
2025,12,13,10,13505,110492,9,11,12,3,35,Metropolitano Occidente,Municipal ,San Pedro,Posta De Salud Rural Nihue,60.0,,Servicio de Salud Metropolitano Occidente,Posta de Salud Rural (PSR),Posta de Salud Rural Nihue,Municipal,San Pedro,Vigente en Operación Habitual,True,58.333333333333336,
2025,12,13,10,13505,110495,14,8,6,2,30,Metropolitano Occidente,Municipal ,San Pedro,Posta De Salud Rural El Prado,91.0,,Servicio de Salud Metropolitano Occidente,Posta de Salud Rural (PSR),Posta de Salud Rural El Prado,Municipal,San Pedro,Vigente en Operación Habitual,True,32.967032967032964,
2025,12,13,10,13601,110390,1502,1674,1559,1276,6011,Metropolitano Occidente,Municipal ,Talagante,Centro De Salud Familiar Dr. Alberto Allende Jones,7678.0,,Servicio de Salud Metropolitano Occidente,Centro de Salud Familiar (CESFAM),Centro de Salud Familiar Dr. Alberto Allende Jones,Municipal,Talagante,Vigente en Operación Habitual,True,78.28861682729877,
2025,12,13,10,13601,110400,79,52,58,13,202,Metropolitano Occidente,Municipal ,Talagante,Posta De Salud Rural Aliro Cárcarmo (Lonquén),70.0,,Servicio de Salud Metropolitano Occidente,Posta de Salud Rural (PSR),Posta de Salud Rural Aliro Cárcarmo (Lonquén),Municipal,Talagante,Vigente en Operación Habitual,True,288.57142857142856,
2025,12,13,10,13601,200365,73,61,38,7,179,Metropolitano Occidente,Municipal ,Talagante,Centro Comunitario De Salud Familiar Villa Los Presidentes,39.0,110390,Servicio de Salud Metropolitano Occidente,Centro Comunitario de Salud Familiar (CECOSF),Centro Comunitario de Salud Familiar Villa Los Presidentes,Municipal,Talagante,Vigente en Operación Habitual,True,458.97435897435895,
2025,12,13,10,13602,110370,424,399,339,177,1339,Metropolitano Occidente,Municipal ,El Monte,Centro De Salud Familiar El Monte,3862.0,,Servicio de Salud Metropolitano Occidente,Centro de Salud Familiar (CESFAM),Centro de Salud Familiar El Monte,Municipal,El Monte,Vigente en Operación Habitual,True,34.67115484205075,
2025,12,13,10,13602,200454,68,47,64,32,211,Metropolitano Occidente,Municipal ,El Monte,Centro Comunitario De Salud Familiar Lo Chacón ,179.0,110370,Servicio de Salud Metropolitano Occidente,Centro Comunitario de Salud Familiar (CECOSF),Centro Comunitario de Salud Familiar Lo Chacón,Municipal,El Monte,Vigente en Operación Habitual,True,117.87709497206704,
2025,12,13,10,13603,110375,215,322,299,164,1000,Metropolitano Occidente,Municipal ,Isla De Maipo,Centro De Salud Familiar Isla De Maipo,2956.0,,Servicio de Salud Metropolitano Occidente,Centro de Salud Familiar (CESFAM),Centro de Salud Familiar Isla de Maipo,Municipal,Isla de Maipo,Vigente en Operación Habitual,True,33.82949932341001,
2025,12,13,10,13603,110425,258,225,157,77,717,Metropolitano Occidente,Municipal ,Isla De Maipo,Centro De Salud Familiar La Islita,722.0,,Servicio de Salud Metropolitano Occidente,Centro de Salud Familiar (CESFAM),Centro de Salud Familiar La Islita,Municipal,Isla de Maipo,Vigente en Operación Habitual,True,99.30747922437672,
2025,12,13,10,13603,110430,13,11,9,6,39,Metropolitano Occidente,Municipal ,Isla De Maipo,Posta De Salud Rural San Antonio De Naltagua,83.0,,Servicio de Salud Metropolitano Occidente,Posta de Salud Rural (PSR),Posta de Salud Rural San Antonio de Naltagua,Municipal,Isla de Maipo,Vigente en Operación Habitual,True,46.98795180722892,
2025,12,13,10,13603,110431,14,14,9,8,45,Metropolitano Occidente,Municipal ,Isla De Maipo,Posta De Salud Rural Gacitúa,105.0,,Servicio de Salud Metropolitano Occidente,Posta de Salud Rural (PSR),Posta de Salud Rural Gacitúa,Municipal,Isla de Maipo,Vigente en Operación Habitual,True,42.857142857142854,
2025,12,13,10,13603,110432,17,7,9,5,38,Metropolitano Occidente,Municipal ,Isla De Maipo,Posta De Salud Rural Las Mercedes ( Isla De Maipo ),94.0,,Servicio de Salud Metropolitano Occidente,Posta de Salud Rural (PSR),Posta de Salud Rural Las Mercedes ( Isla de Maipo ),Municipal,Isla de Maipo,Vigente en Operación Habitual,True,40.42553191489361,
2025,12,13,10,13603,110775,7,6,8,2,23,Metropolitano Occidente,Municipal ,Isla De Maipo,Centro Comunitario De Salud Familiar La Islita,180.0,110375,Servicio de Salud Metropolitano Occidente,Centro Comunitario de Salud Familiar (CECOSF),Centro Comunitario de Salud Familiar La Islita,Municipal,Isla de Maipo,Vigente en Operación Habitual,True,12.777777777777777,
2025,12,13,10,13603,200385,11,10,5,13,39,Metropolitano Occidente,Municipal ,Isla De Maipo,Centro Comunitario De Salud Familiar San Vicente De Naltagua,131.0,110375,Servicio de Salud Metropolitano Occidente,Centro Comunitario de Salud Familiar (CECOSF),Centro Comunitario de Salud Familiar San Vicente de Naltagua,Municipal,Isla de Maipo,Vigente en Operación Habitual,True,29.770992366412212,
2025,12,13,10,13604,110366,1704,1508,1294,967,5473,Metropolitano Occidente,Municipal ,Padre Hurtado,Centro De Salud Familiar Juan Pablo Ii De Padre Hurtado,6807.0,,Servicio de Salud Metropolitano Occidente,Centro de Salud Familiar (CESFAM),Centro de Salud Familiar Juan Pablo II ( Padre Hurtado),Municipal,Padre Hurtado,Vigente en Operación Habitual,True,80.4025268106361,
2025,12,13,10,13605,110308,347,292,292,115,1046,Metropolitano Occidente,Municipal ,Peñaflor,Centro De Salud Familiar Peñaflor,5180.0,,Servicio de Salud Metropolitano Occidente,Centro de Salud Familiar (CESFAM),Centro de Salud Familiar Peñaflor,Municipal,Peñaflor,Vigente en Operación Habitual,True,20.193050193050194,
2025,12,13,10,13605,110369,577,538,458,330,1903,Metropolitano Occidente,Municipal ,Peñaflor,Centro De Salud Familiar Dr. Fernando Monckeberg,5211.0,,Servicio de Salud Metropolitano Occidente,Centro de Salud Familiar (CESFAM),Centro de Salud Familiar Dr. Fernando Monckeberg,Municipal,Peñaflor,Vigente en Operación Habitual,True,36.51890232201113,
2025,12,13,11,13101,111300,409,390,366,239,1404,Metropolitano Central,Servicio de Salud,Santiago,CESFAM N° 1 Dr. Ramón Corbalán Melgarejo,7276.0,,Servicio de Salud Metropolitano Central,Centro de Salud Familiar (CESFAM),Centro de Salud Familiar N° 1 Dr. Ramón Corbalán Melgarejo,Servicio de Salud,Santiago,Vigente en Operación Habitual,True,19.29631665750412,
2025,12,13,11,13101,111301,104,132,87,80,403,Metropolitano Central,Servicio de Salud,Santiago,CESFAM Nº 5,3642.0,,Servicio de Salud Metropolitano Central,Centro de Salud Familiar (CESFAM),Centro de Salud Familiar Nº 5,Servicio de Salud,Santiago,Vigente en Operación Habitual,True,11.065348709500276,
2025,12,13,11,13101,111370,309,260,297,147,1013,Metropolitano Central,Municipal ,Santiago,Consultorio Padre Orellana,6127.0,,Servicio de Salud Metropolitano Central,Centro de Salud Familiar (CESFAM),Centro de Salud Familiar Padre Orellana,Municipal,Santiago,Vigente en Operación Habitual,True,16.53337685653664,
2025,12,13,11,13101,111372,236,246,256,141,879,Metropolitano Central,Municipal ,Santiago,Centro De Salud Familiar Arauco ,2658.0,,Servicio de Salud Metropolitano Central,Centro de Salud Familiar (CESFAM),Centro de Salud Familiar Arauco,Municipal,Santiago,Vigente en Operación Habitual,True,33.06997742663657,
2025,12,13,11,13101,111376,376,333,343,154,1206,Metropolitano Central,Municipal ,Santiago,Cesfam Matta Sur,4349.0,,Servicio de Salud Metropolitano Central,Centro de Salud Familiar (CESFAM),Centro de Salud Familiar Matta Sur,Municipal,Santiago,Vigente en Operación Habitual,True,27.730512761554383,
2025,12,13,11,13101,111381,830,668,695,354,2547,Metropolitano Central,Municipal ,Santiago,Centro De Salud Familiar Ignacio Domeyko,9829.0,,Servicio de Salud Metropolitano Central,Centro de Salud Familiar (CESFAM),Centro de Salud Familiar Ignacio Domeyko,Municipal,Santiago,Vigente en Operación Habitual,True,25.913114253738932,
2025,12,13,11,13102,111305,253,225,222,166,866,Metropolitano Central,Servicio de Salud,Cerrillos,CESFAM Dr. Norman Voulliéme,3856.0,,Servicio de Salud Metropolitano Central,Centro de Salud Familiar (CESFAM),Centro de Salud Familiar Dr. Norman Voulliéme,Servicio de Salud,Cerrillos,Vigente en Operación Habitual,True,22.45850622406639,
2025,12,13,11,13102,111307,195,184,192,140,711,Metropolitano Central,Servicio de Salud,Cerrillos,CESFAM Enfermera Sofía Pincheira,3201.0,,Servicio de Salud Metropolitano Central,Centro de Salud Familiar (CESFAM),Centro de Salud Familiar Enfermera Sofía Pincheira,Servicio de Salud,Cerrillos,Vigente en Operación Habitual,True,22.211808809746955,
2025,12,13,11,13102,200346,6,5,5,4,20,Metropolitano Central,Servicio de Salud,Cerrillos,CECOSF Buzeta,129.0,111307,Servicio de Salud Metropolitano Central,Centro Comunitario de Salud Familiar (CECOSF),Centro Comunitario de Salud Familiar Buzeta,Servicio de Salud,Cerrillos,Vigente en Operación Habitual,True,15.503875968992247,
2025,12,13,11,13106,111302,141,145,102,76,464,Metropolitano Central,Servicio de Salud,Estación Central,CESFAM Padre Vicente Irarrázabal,2625.0,,Servicio de Salud Metropolitano Central,Centro de Salud Familiar (CESFAM),Centro de Salud Familiar Padre Vicente Irarrázabal,Servicio de Salud,Estación Central,Vigente en Operación Habitual,True,17.676190476190477,
2025,12,13,11,13106,111306,129,136,179,84,528,Metropolitano Central,Servicio de Salud,Estación Central,CESFAM San Jos¿ De Chuchunco,3844.0,,Servicio de Salud Metropolitano Central,Centro de Salud Familiar (CESFAM),Centro de Salud Familiar San José de Chuchunco,Servicio de Salud,Estación Central,Vigente en Operación Habitual,True,13.735691987513007,
2025,12,13,11,13106,111310,260,133,105,98,596,Metropolitano Central,Servicio de Salud,Estación Central,CESFAM Las Mercedes,5053.0,,Servicio de Salud Metropolitano Central,Centro de Salud Familiar (CESFAM),Centro de Salud Familiar Las Mercedes,Servicio de Salud,Estación Central,Vigente en Operación Habitual,True,11.7949732831981,
2025,12,13,11,13106,111781,18,19,11,3,51,Metropolitano Central,Servicio de Salud,Estación Central,CECOSF Villa Francia,6.0,111306,Servicio de Salud Metropolitano Central,Centro Comunitario de Salud Familiar (CECOSF),Centro Comunitario de Salud Familiar Villa Francia,Servicio de Salud,Estación Central,Vigente en Operación Habitual,True,850.0,
2025,12,13,11,13119,111304,354,360,507,385,1606,Metropolitano Central,Servicio de Salud,Maipú,CESFAM Maipú,7526.0,,Servicio de Salud Metropolitano Central,Centro de Salud Familiar (CESFAM),Centro de Salud Familiar Maipú,Servicio de Salud,Maipú,Vigente en Operación Habitual,True,21.33935689609354,
2025,12,13,11,13119,111308,303,358,409,234,1304,Metropolitano Central,Servicio de Salud,Maipú,CESFAM Dr. José Eduardo Ahués Salame,4616.0,,Servicio de Salud Metropolitano Central,Centro de Salud Familiar (CESFAM),Centro de Salud Familiar Dr. José Eduardo Ahués Salame,Servicio de Salud,Maipú,Vigente en Operación Habitual,True,28.249566724436743,
2025,12,13,11,13119,111309,240,296,345,210,1091,Metropolitano Central,Servicio de Salud,Maipú,CESFAM Dra. Ana María Juricic,3806.0,,Servicio de Salud Metropolitano Central,Centro de Salud Familiar (CESFAM),Centro de Salud Familiar Dra. Ana María Juricic,Servicio de Salud,Maipú,Vigente en Operación Habitual,True,28.665265370467687,
2025,12,13,11,13119,111378,392,399,401,221,1413,Metropolitano Central,Municipal ,Maipú,Centro De Salud Familiar Dr. Iván Insunza,5195.0,,Servicio de Salud Metropolitano Central,Centro de Salud Familiar (CESFAM),Centro de Salud Familiar Dr. Iván Insunza,Municipal,Maipú,Vigente en Operación Habitual,True,27.199230028873917,
2025,12,13,11,13119,111379,271,288,387,262,1208,Metropolitano Central,Municipal ,Maipú,Centro De Salud Familiar Clotario Blest,6263.0,,Servicio de Salud Metropolitano Central,Centro de Salud Familiar (CESFAM),Centro de Salud Familiar Clotario Blest,Municipal,Maipú,Vigente en Operación Habitual,True,19.287881207089256,
2025,12,13,11,13119,111380,357,394,476,234,1461,Metropolitano Central,Municipal ,Maipú,Centro De Salud Familiar Dr. Carlos Godoy,6324.0,,Servicio de Salud Metropolitano Central,Centro de Salud Familiar (CESFAM),Centro de Salud Familiar Dr. Carlos Godoy,Municipal,Maipú,Vigente en Operación Habitual,True,23.10246679316888,
2025,12,13,11,13119,111382,352,352,493,338,1535,Metropolitano Central,Municipal ,Maipú,Centro De Salud Familiar Presidenta Michelle Bachelet,7215.0,,Servicio de Salud Metropolitano Central,Centro de Salud Familiar (CESFAM),Centro de Salud Familiar Presidenta Michelle Bachelet,Municipal,Maipú,Vigente en Operación Habitual,True,21.275121275121275,
2025,12,13,11,13119,111383,186,294,337,206,1023,Metropolitano Central,Municipal ,Maipú,Centro De Salud Familiar Dr. Luis Ferrada,5127.0,,Servicio de Salud Metropolitano Central,Centro de Salud Familiar (CESFAM),Centro de Salud Familiar Dr. Luis Ferrada,Municipal,Maipú,Vigente en Operación Habitual,True,19.953188999414863,
2025,12,13,11,13119,111704,32,41,19,17,109,Metropolitano Central,Servicio de Salud,Maipú,CECOSF Futramapu,20.0,111304,Servicio de Salud Metropolitano Central,Centro Comunitario de Salud Familiar (CECOSF),Centro Comunitario de Salud Familiar Futramapu,Servicio de Salud,Maipú,Vigente en Operación Habitual,True,545.0,
2025,12,13,11,13119,111780,13,16,15,4,48,Metropolitano Central,Servicio de Salud,Maipú,CECOSF Europa,31.0,111304,Servicio de Salud Metropolitano Central,Centro Comunitario de Salud Familiar (CECOSF),Centro Comunitario de Salud Familiar Europa,Servicio de Salud,Maipú,Vigente en Operación Habitual,True,154.83870967741936,
2025,12,13,11,13119,111783,30,32,90,71,223,Metropolitano Central,Municipal ,Maipú,Centro Comunitario De Salud Familiar Lo Errázuriz,457.0,111379,Servicio de Salud Metropolitano Central,Centro Comunitario de Salud Familiar (CECOSF),Centro Comunitario de Salud Familiar Lo Errázuriz,Municipal,Maipú,Vigente en Operación Habitual,True,48.796498905908095,
2025,12,13,11,13119,111784,45,34,50,19,148,Metropolitano Central,Municipal ,Maipú,Centro Comunitario De Salud Familiar Bueras,175.0,111378,Servicio de Salud Metropolitano Central,Centro Comunitario de Salud Familiar (CECOSF),Centro Comunitario de Salud Familiar Bueras,Municipal,Maipú,Vigente en Operación Habitual,True,84.57142857142857,
2025,12,13,11,13119,200643,25,23,24,11,83,Metropolitano Central,Municipal ,Maipú,Centro Comunitario De Salud Familiar Los Bosquinos,28.0,111380,Servicio de Salud Metropolitano Central,Centro Comunitario de Salud Familiar (CECOSF),Centro Comunitario de Salud Familiar Los Bosquinos,Municipal,Maipú,Vigente en Operación Habitual,True,296.42857142857144,
2025,12,13,11,13119,201129,52,42,66,39,199,Metropolitano Central,Municipal ,Maipú,Centro Comunitario De Salud Familiar Lumen,75.0,111379,Servicio de Salud Metropolitano Central,Centro Comunitario de Salud Familiar (CECOSF),Centro Comunitario de Salud Familiar LUMEN,Municipal,Maipú,Vigente en Operación Habitual,True,265.3333333333333,
2025,12,13,11,13119,201674,164,137,156,111,568,Metropolitano Central,Municipal ,Maipú,Cesfam El Abrazo Dr. Salvador Allende,1396.0,,Servicio de Salud Metropolitano Central,Centro de Salud Familiar (CESFAM),CESFAM El Abrazo Dr. Salvador Allende Gossens,Municipal,Maipú,Vigente en Operación Habitual,True,40.68767908309456,
2025,12,13,12,13113,112317,553,534,572,446,2105,Metropolitano Oriente,Municipal ,La Reina,Centro De Salud Familiar La Reina,2043.0,,Servicio de Salud Metropolitano Oriente,Centro de Salud Familiar (CESFAM),Centro de Salud Familiar Ossandon,Municipal,La Reina,Vigente en Operación Habitual,True,103.03475281448851,
2025,12,13,12,13113,112320,170,140,122,78,510,Metropolitano Oriente,Municipal ,La Reina,Centro De Salud Familiar Juan Pablo Ii,2347.0,,Servicio de Salud Metropolitano Oriente,Centro de Salud Familiar (CESFAM),Centro de Salud Familiar Juan Pablo II ( La Reina),Municipal,La Reina,Vigente en Operación Habitual,True,21.729867916489134,
2025,12,13,12,13114,112304,611,668,769,613,2661,Metropolitano Oriente,Municipal ,Las Condes,Centro De Salud Familiar Apoquindo,7066.0,,Servicio de Salud Metropolitano Oriente,Centro de Salud Familiar (CESFAM),Centro de Salud Familiar Apoquindo,Municipal,Las Condes,Vigente en Operación Habitual,True,37.65921313331446,
2025,12,13,12,13114,112306,719,766,874,495,2854,Metropolitano Oriente,Municipal ,Las Condes,Centro De Salud Familiar Aníbal Ariztía,9659.0,,Servicio de Salud Metropolitano Oriente,Centro de Salud Familiar (CESFAM),Centro de Salud Familiar Aníbal Ariztía,Municipal,Las Condes,Vigente en Operación Habitual,True,29.54757221244435,
2025,12,13,12,13115,112307,864,902,782,420,2968,Metropolitano Oriente,Municipal ,Lo Barnechea,Centro De Salud Familiar Lo Barnechea,8797.0,,Servicio de Salud Metropolitano Oriente,Centro de Salud Familiar (CESFAM),Centro de Salud Familiar Lo Barnechea,Municipal,Lo Barnechea,Vigente en Operación Habitual,True,33.73877458224395,
2025,12,13,12,13118,112312,443,426,488,521,1878,Metropolitano Oriente,Municipal ,Macul,Centro De Salud Familiar Félix De Amesti,6145.0,,Servicio de Salud Metropolitano Oriente,Centro de Salud Familiar (CESFAM),Centro de Salud Familiar Félix de Amesti,Municipal,Macul,Vigente en Operación Habitual,True,30.561432058584217,
2025,12,13,12,13118,112313,410,447,454,281,1592,Metropolitano Oriente,Municipal ,Macul,Centro De Salud Familiar Santa Julia,6086.0,,Servicio de Salud Metropolitano Oriente,Centro de Salud Familiar (CESFAM),Centro de Salud Familiar Santa Julia,Municipal,Macul,Vigente en Operación Habitual,True,26.158396319421623,
2025,12,13,12,13118,112319,324,347,385,283,1339,Metropolitano Oriente,Municipal ,Macul,Centro De Salud Familiar Padre Alberto Hurtado,5004.0,,Servicio de Salud Metropolitano Oriente,Centro de Salud Familiar (CESFAM),Centro de Salud Familiar Padre Alberto Hurtado,Municipal,Macul,Vigente en Operación Habitual,True,26.7585931254996,
2025,12,13,12,13120,112310,341,386,577,526,1830,Metropolitano Oriente,Municipal ,Ñuñoa,Centro De Salud Familiar Rosita Renard,6815.0,,Servicio de Salud Metropolitano Oriente,Centro de Salud Familiar (CESFAM),Centro de Salud Familiar Rosita Renard,Municipal,Ñuñoa,Vigente en Operación Habitual,True,26.852531181217902,
2025,12,13,12,13120,112311,372,365,459,338,1534,Metropolitano Oriente,Municipal ,Ñuñoa,Centro De Salud Familiar Salvador Bustos,8034.0,,Servicio de Salud Metropolitano Oriente,Centro de Salud Familiar (CESFAM),Centro de Salud Familiar Salvador Bustos,Municipal,Ñuñoa,Vigente en Operación Habitual,True,19.093851132686083,
2025,12,13,12,13122,112314,237,147,121,48,553,Metropolitano Oriente,Municipal ,Peñalolén,Centro De Salud Familiar La Faena,4826.0,,Servicio de Salud Metropolitano Oriente,Centro de Salud Familiar (CESFAM),Centro de Salud Familiar La Faena,Municipal,Peñalolén,Vigente en Operación Habitual,True,11.458765022793203,
2025,12,13,12,13122,112315,288,219,185,94,786,Metropolitano Oriente,Municipal ,Peñalolén,Centro De Salud Familiar San Luis,2872.0,,Servicio de Salud Metropolitano Oriente,Centro de Salud Familiar (CESFAM),Centro de Salud Familiar San Luis,Municipal,Peñalolén,Vigente en Operación Habitual,True,27.36768802228412,
2025,12,13,12,13122,112316,741,733,614,281,2369,Metropolitano Oriente,Municipal ,Peñalolén,Centro De Salud Familiar Carol Urzúa Ibáñez De Peñalolén,6232.0,,Servicio de Salud Metropolitano Oriente,Centro de Salud Familiar (CESFAM),Centro de Salud Familiar Carol Urzúa Ibáñez,Municipal,Peñalolén,Vigente en Operación Habitual,True,38.01347881899871,
2025,12,13,12,13122,112318,330,312,268,177,1087,Metropolitano Oriente,Municipal ,Peñalolén,Centro De Salud Familiar Lo Hermida,3478.0,,Servicio de Salud Metropolitano Oriente,Centro de Salud Familiar (CESFAM),Centro de Salud Familiar Lo Hermida,Municipal,Peñalolén,Vigente en Operación Habitual,True,31.253594019551468,
2025,12,13,12,13122,112321,311,267,263,126,967,Metropolitano Oriente,Municipal ,Peñalolén,Centro De Salud Familiar Cardenal Silva Henríquez,2874.0,,Servicio de Salud Metropolitano Oriente,Centro de Salud Familiar (CESFAM),Centro de Salud Familiar Cardenal Silva Henríquez,Municipal,Peñalolén,Vigente en Operación Habitual,True,33.64648573416841,
2025,12,13,12,13122,112322,397,268,165,94,924,Metropolitano Oriente,Municipal ,Peñalolén,Centro De Salud Familiar Padre Gerardo Whelan,2654.0,,Servicio de Salud Metropolitano Oriente,Centro de Salud Familiar (CESFAM),Centro de Salud Familiar Padre Gerardo Whelan,Municipal,Peñalolén,Vigente en Operación Habitual,True,34.81537302185381,
2025,12,13,12,13122,201112,445,327,251,213,1236,Metropolitano Oriente,Municipal ,Peñalolén,Cesfam Las Torres,4085.0,,Servicio de Salud Metropolitano Oriente,Centro de Salud Familiar (CESFAM),Centro de Salud Familiar Las Torres,Municipal,Peñalolén,Vigente en Operación Habitual,True,30.257037943696453,
2025,12,13,12,13123,112301,311,283,341,286,1221,Metropolitano Oriente,Municipal ,Providencia,Centro De Salud Familiar Dr. Hernán Alessandri,4852.0,,Servicio de Salud Metropolitano Oriente,Centro de Salud Familiar (CESFAM),Centro de Salud Familiar Dr. Hernán Alessandri,Municipal,Providencia,Vigente en Operación Habitual,True,25.16488046166529,
2025,12,13,12,13123,112302,292,306,310,233,1141,Metropolitano Oriente,Municipal ,Providencia,Centro De Salud Familiar Dr. Alfonso Leng,3035.0,,Servicio de Salud Metropolitano Oriente,Centro de Salud Familiar (CESFAM),Centro de Salud Familiar Dr. Alfonso Leng,Municipal,Providencia,Vigente en Operación Habitual,True,37.59472817133443,
2025,12,13,12,13123,112303,397,446,504,357,1704,Metropolitano Oriente,Municipal ,Providencia,Centro De Salud Familiar Aguilucho,4361.0,,Servicio de Salud Metropolitano Oriente,Centro de Salud Familiar (CESFAM),Centro de Salud Familiar Aguilucho,Municipal,Providencia,Vigente en Operación Habitual,True,39.07360697087824,
2025,12,13,12,13132,112309,594,632,630,386,2242,Metropolitano Oriente,Municipal ,Vitacura,Centro De Salud Familiar Vitacura,5764.0,,Servicio de Salud Metropolitano Oriente,Centro de Salud Familiar (CESFAM),Centro de Salud Familiar Vitacura,Municipal,Vitacura,Vigente en Operación Habitual,True,38.89659958362248,
2025,12,13,13,13105,113312,373,371,406,179,1329,Metropolitano Sur,Municipal ,El Bosque,Centro De Salud Familiar Dr. Carlos Lorca,4294.0,,Servicio de Salud Metropolitano Sur,Centro de Salud Familiar (CESFAM),Centro de Salud Familiar Dr. Carlos Lorca Tobar,Municipal,El Bosque,Vigente en Operación Habitual,True,30.950163018164883,
2025,12,13,13,13105,113314,581,670,584,256,2091,Metropolitano Sur,Municipal ,El Bosque,Centro De Salud Familiar Cóndores De Chile,3923.0,,Servicio de Salud Metropolitano Sur,Centro de Salud Familiar (CESFAM),Centro de Salud Familiar Cóndores de Chile,Municipal,El Bosque,Vigente en Operación Habitual,True,53.30104511853173,
2025,12,13,13,13105,113317,677,703,735,323,2438,Metropolitano Sur,Municipal ,El Bosque,Centro De Salud Familiar Santa Laura,3261.0,,Servicio de Salud Metropolitano Sur,Centro de Salud Familiar (CESFAM),Centro de Salud Familiar Santa Laura,Municipal,El Bosque,Vigente en Operación Habitual,True,74.76234283961975,
2025,12,13,13,13105,113323,271,277,395,268,1211,Metropolitano Sur,Municipal ,El Bosque,Centro De Salud Familiar Dr. Mario Salcedo,2530.0,,Servicio de Salud Metropolitano Sur,Centro de Salud Familiar (CESFAM),Centro de Salud Familiar Dr. Mario Salcedo,Municipal,El Bosque,Vigente en Operación Habitual,True,47.865612648221344,
2025,12,13,13,13105,113324,414,369,313,158,1254,Metropolitano Sur,Municipal ,El Bosque,Centro De Salud Familiar Dra. Haydeé López Casoou,3324.0,,Servicio de Salud Metropolitano Sur,Centro de Salud Familiar (CESFAM),Centro de Salud Familiar Dra. Haydeé López Casoou,Municipal,El Bosque,Vigente en Operación Habitual,True,37.725631768953065,
2025,12,13,13,13105,113329,329,342,289,187,1147,Metropolitano Sur,Municipal ,El Bosque,Centro De Salud Familiar Orlando Letelier,2895.0,,Servicio de Salud Metropolitano Sur,Centro de Salud Familiar (CESFAM),Centro de Salud Familiar Canciller Orlando Letelier,Municipal,El Bosque,Vigente en Operación Habitual,True,39.620034542314336,
2025,12,13,13,13109,113311,656,680,670,470,2476,Metropolitano Sur,Municipal ,La Cisterna,Centro De Salud Familiar Santa Anselma,5294.0,,Servicio de Salud Metropolitano Sur,Centro de Salud Familiar (CESFAM),Centro de Salud Familiar Santa Anselma,Municipal,La Cisterna,Vigente en Operación Habitual,True,46.76992822062713,
2025,12,13,13,13109,113326,647,657,694,402,2400,Metropolitano Sur,Municipal ,La Cisterna,Centro De Salud Familiar Eduardo Frei Montalva,3990.0,,Servicio de Salud Metropolitano Sur,Centro de Salud Familiar (CESFAM),Centro de Salud Familiar Eduardo Frei Montalva,Municipal,La Cisterna,Vigente en Operación Habitual,True,60.150375939849624,
2025,12,13,13,13111,113307,316,327,397,310,1350,Metropolitano Sur,Municipal ,La Granja,Centro De Salud Familiar Padre Esteban Gumucio,3802.0,,Servicio de Salud Metropolitano Sur Oriente,Centro de Salud Familiar (CESFAM),Centro de Salud Familiar Padre Esteban Gumucio Vives,Municipal,La Granja,Vigente en Operación Habitual,True,35.50762756443977,
2025,12,13,13,13116,113308,130,159,212,127,628,Metropolitano Sur,Municipal ,Lo Espejo,Centro De Salud Familiar Clara Estrella,3352.0,,Servicio de Salud Metropolitano Sur,Centro de Salud Familiar (CESFAM),Centro de Salud Familiar Clara Estrella,Municipal,Lo Espejo,Vigente en Operación Habitual,True,18.73508353221957,
2025,12,13,13,13116,113309,340,284,302,144,1070,Metropolitano Sur,Municipal ,Lo Espejo,Centro De Salud Familiar Julio Acuña Pinzón,3452.0,,Servicio de Salud Metropolitano Sur,Centro de Salud Familiar (CESFAM),Centro de Salud Familiar Julio Acuña Pinzón,Municipal,Lo Espejo,Vigente en Operación Habitual,True,30.996523754345308,
2025,12,13,13,13116,113310,192,203,303,171,869,Metropolitano Sur,Municipal ,Lo Espejo,Centro De Salud Familiar Mariela Salgado,3512.0,,Servicio de Salud Metropolitano Sur,Centro de Salud Familiar (CESFAM),Centro de Salud Familiar Dra. Mariela Salgado Zepeda,Municipal,Lo Espejo,Vigente en Operación Habitual,True,24.74373576309795,
2025,12,13,13,13116,113396,431,402,326,125,1284,Metropolitano Sur,Municipal ,Lo Espejo,Centro De Salud Familiar Pueblo Lo Espejo,2193.0,,Servicio de Salud Metropolitano Sur,Centro de Salud Familiar (CESFAM),Centro de Salud Familiar Pueblo Lo Espejo,Municipal,Lo Espejo,Vigente en Operación Habitual,True,58.5499316005472,
2025,12,13,13,13121,111303,302,276,335,218,1131,Metropolitano Sur,Municipal ,Pedro Aguirre Cerda,Centro De Salud Familiar Lo Valledor Norte,2097.0,,Servicio de Salud Metropolitano Sur,Centro de Salud Familiar (CESFAM),Centro de Salud Familiar Lo Valledor Norte,Municipal,Pedro Aguirre Cerda,Vigente en Operación Habitual,True,53.934191702432045,
2025,12,13,13,13121,113303,402,406,531,261,1600,Metropolitano Sur,Municipal ,Pedro Aguirre Cerda,Centro De Salud Familiar Amador Neghme,4637.0,,Servicio de Salud Metropolitano Sur,Centro de Salud Familiar (CESFAM),Centro de Salud Familiar Amador Neghme,Municipal,Pedro Aguirre Cerda,Vigente en Operación Habitual,True,34.50506793185249,
2025,12,13,13,13121,113306,327,376,444,174,1321,Metropolitano Sur,Municipal ,Pedro Aguirre Cerda,Centro De Salud Familiar Padre Pierre Dubois,3525.0,,Servicio de Salud Metropolitano Sur,Centro de Salud Familiar (CESFAM),Centro de Salud Familiar Padre Pierre Dubois (Ex La Feria),Municipal,Pedro Aguirre Cerda,Vigente en Operación Habitual,True,37.47517730496454,
2025,12,13,13,13121,113331,307,358,464,270,1399,Metropolitano Sur,Municipal ,Pedro Aguirre Cerda,Centro De Salud Familiar Edgardo Enríquez,3828.0,,Servicio de Salud Metropolitano Sur,Centro de Salud Familiar (CESFAM),Centro de Salud Familiar Edgardo Enríquez Fröedden,Municipal,Pedro Aguirre Cerda,Vigente en Operación Habitual,True,36.54649947753396,
2025,12,13,13,13129,113301,641,663,743,470,2517,Metropolitano Sur,Municipal ,San Joaquín,Centro De Salud Familiar San Joaquín,2750.0,,Servicio de Salud Metropolitano Sur,Centro de Salud Familiar (CESFAM),Centro de Salud Familiar San Joaquín,Municipal,San Joaquín,Vigente en Operación Habitual,True,91.52727272727273,
2025,12,13,13,13129,113305,208,217,230,155,810,Metropolitano Sur,Municipal ,San Joaquín,Centro De Salud Familiar Arturo Baeza Goñi,2015.0,,Servicio de Salud Metropolitano Sur,Centro de Salud Familiar (CESFAM),Centro de Salud Familiar Arturo Baeza Goñi,Municipal,San Joaquín,Vigente en Operación Habitual,True,40.198511166253105,
2025,12,13,13,13129,113322,386,385,421,277,1469,Metropolitano Sur,Municipal ,San Joaquín,Centro De Salud Familiar Santa Teresa De Los Andes,3535.0,,Servicio de Salud Metropolitano Sur,Centro de Salud Familiar (CESFAM),Centro de Salud Familiar Santa Teresa de Los Andes,Municipal,San Joaquín,Vigente en Operación Habitual,True,41.55586987270156,
2025,12,13,13,13129,113701,87,83,88,42,300,Metropolitano Sur,Municipal ,San Joaquín,Centro Comunitario De Salud Familiar Yalta,905.0,113301,Servicio de Salud Metropolitano Sur,Centro Comunitario de Salud Familiar (CECOSF),Centro Comunitario de Salud Familiar Yalta,Municipal,San Joaquín,Vigente en Operación Habitual,True,33.14917127071823,
2025,12,13,13,13129,113702,72,66,48,41,227,Metropolitano Sur,Municipal ,San Joaquín,Centro Comunitario De Salud Familia Sierra Bella,390.0,113301,Servicio de Salud Metropolitano Sur,Centro Comunitario de Salud Familiar (CECOSF),Centro Comunitario de Salud Familiar Sierra Bella,Municipal,San Joaquín,Vigente en Operación Habitual,True,58.20512820512821,
2025,12,13,13,13129,113722,78,80,100,150,408,Metropolitano Sur,Municipal ,San Joaquín,Centro Comunitario De Salud Familiar Juan Aravena,808.0,113322,Servicio de Salud Metropolitano Sur,Centro Comunitario de Salud Familiar (CECOSF),Centro Comunitario de Salud Familiar Dr. Salvador Allende,Municipal,San Joaquín,Vigente en Operación Habitual,True,50.495049504950494,
2025,12,13,13,13129,113753,45,47,35,31,158,Metropolitano Sur,Municipal ,San Joaquín,Centro Comunitario De Salud Familiar Reverendo Javier Peró,431.0,113301,Servicio de Salud Metropolitano Sur,Centro Comunitario de Salud Familiar (CECOSF),Centro Comunitario de Salud Familiar Reverendo Javier Peró,Municipal,San Joaquín,Vigente en Operación Habitual,True,36.65893271461717,
2025,12,13,13,13129,200210,115,117,120,63,415,Metropolitano Sur,Municipal ,San Joaquín,Centro Comunitario De Salud Familiar Coñimo,973.0,113322,Servicio de Salud Metropolitano Sur,Centro Comunitario de Salud Familiar (CECOSF),Centro Comunitario de Salud Familiar Coñimo,Municipal,San Joaquín,Vigente en Operación Habitual,True,42.65159301130524,
2025,12,13,13,13129,200337,33,30,21,27,111,Metropolitano Sur,Municipal ,San Joaquín,Centro Comunitario De Salud Familia Martin Henríquez,732.0,113305,Servicio de Salud Metropolitano Sur,Centro Comunitario de Salud Familiar (CECOSF),Centro Comunitario de Salud Familiar Martín Henríquez,Municipal,San Joaquín,Vigente en Operación Habitual,True,15.163934426229508,
2025,12,13,13,13130,113300,643,685,849,535,2712,Metropolitano Sur,Municipal ,San Miguel,Centro De Salud Familiar Barros Luco,7181.0,,Servicio de Salud Metropolitano Sur,Centro de Salud Familiar (CESFAM),Centro de Salud Familiar Barros Luco,Municipal,San Miguel,Vigente en Operación Habitual,True,37.766327809497284,
2025,12,13,13,13130,113302,444,479,553,334,1810,Metropolitano Sur,Municipal ,San Miguel,Centro De Salud Familiar Recreo,5088.0,,Servicio de Salud Metropolitano Sur,Centro de Salud Familiar (CESFAM),Centro de Salud Familiar Recreo,Municipal,San Miguel,Vigente en Operación Habitual,True,35.57389937106918,
2025,12,13,13,13130,200361,8,25,24,16,73,Metropolitano Sur,Municipal ,San Miguel,Centro Comunitario De Salud Familiar Atacama,1226.0,113302,Servicio de Salud Metropolitano Sur,Centro Comunitario de Salud Familiar (CECOSF),Centro Comunitario de Salud Familiar Atacama,Municipal,San Miguel,Vigente en Operación Habitual,True,5.954323001631321,
2025,12,13,13,13401,113313,934,1001,1081,409,3425,Metropolitano Sur,Municipal ,San Bernardo,Centro De Salud Familiar Raúl Cuevas (Ex-San Bernardo),5444.0,,Servicio de Salud Metropolitano Sur,Centro de Salud Familiar (CESFAM),Centro de Salud Familiar Raúl Cuevas (Ex-San Bernardo),Municipal,San Bernardo,Vigente en Operación Habitual,True,62.91329904481998,
2025,12,13,13,13401,113315,289,249,210,74,822,Metropolitano Sur,Municipal ,San Bernardo,Centro De Salud Familiar Confraternidad,2837.0,,Servicio de Salud Metropolitano Sur,Centro de Salud Familiar (CESFAM),Centro de Salud Familiar Confraternidad,Municipal,San Bernardo,Vigente en Operación Habitual,True,28.974268593584775,
2025,12,13,13,13401,113316,348,359,372,151,1230,Metropolitano Sur,Municipal ,San Bernardo,Centro De Salud Familiar Carol Urzúa De San Bernardo,4781.0,,Servicio de Salud Metropolitano Sur,Centro de Salud Familiar (CESFAM),Centro de Salud Familiar Carol Urzúa,Municipal,San Bernardo,Vigente en Operación Habitual,True,25.726835390085757,
2025,12,13,13,13401,113328,431,375,344,161,1311,Metropolitano Sur,Municipal ,San Bernardo,Centro De Salud Familiar Joan Alsina,5486.0,,Servicio de Salud Metropolitano Sur,Centro de Salud Familiar (CESFAM),Centro de Salud Familiar Padre Joan Alsina,Municipal,San Bernardo,Vigente en Operación Habitual,True,23.897192854538826,
2025,12,13,13,13401,113330,354,322,279,126,1081,Metropolitano Sur,Municipal ,San Bernardo,Centro De Salud Familiar Raúl Brañes F.,4294.0,,Servicio de Salud Metropolitano Sur,Centro de Salud Familiar (CESFAM),Centro de Salud Familiar Raúl Brañes F.,Municipal,San Bernardo,Vigente en Operación Habitual,True,25.1746623195156,
2025,12,13,13,13401,113332,483,375,324,140,1322,Metropolitano Sur,Municipal ,San Bernardo,Centro De Salud Familiar Juan Pablo Ii,3826.0,,Servicio de Salud Metropolitano Sur,Centro de Salud Familiar (CESFAM),Centro de Salud Familiar Juan Pablo II ( San Bernardo),Municipal,San Bernardo,Vigente en Operación Habitual,True,34.553058024046,
2025,12,13,13,13401,113394,249,195,195,120,759,Metropolitano Sur,Municipal ,San Bernardo,Centro De Salud Familiar El Manzano,2424.0,,Servicio de Salud Metropolitano Sur,Centro de Salud Familiar (CESFAM),Centro de Salud Familiar El Manzano,Municipal,San Bernardo,Vigente en Operación Habitual,True,31.31188118811881,
2025,12,13,13,13401,113713,42,37,26,17,122,Metropolitano Sur,Municipal ,San Bernardo,Centro Comunitario De Salud Familiar Cerrillos De Nos,461.0,113328,Servicio de Salud Metropolitano Sur,Centro Comunitario de Salud Familiar (CECOSF),Centro Comunitario de Salud Familiar Ribera del Maipo,Municipal,San Bernardo,Vigente en Operación Habitual,True,26.46420824295011,
2025,12,13,13,13402,113320,309,285,234,148,976,Metropolitano Sur,Municipal ,Buin,Centro De Salud Familiar Maipo,1829.0,,Servicio de Salud Metropolitano Sur,Centro de Salud Familiar (CESFAM),Centro de Salud Familiar Maipo,Municipal,Buin,Vigente en Operación Habitual,True,53.36249316566429,
2025,12,13,13,13402,113333,227,219,226,125,797,Metropolitano Sur,Municipal ,Buin,Centro De Salud Familiar Alto Jahuel,1260.0,,Servicio de Salud Metropolitano Sur,Centro de Salud Familiar (CESFAM),Centro de Salud Familiar Alto Jahuel,Municipal,Buin,Vigente en Operación Habitual,True,63.25396825396825,
2025,12,13,13,13402,113390,582,560,545,293,1980,Metropolitano Sur,Municipal ,Buin,Centro De Salud Familiar Héctor García,4966.0,,Servicio de Salud Metropolitano Sur,Centro de Salud Familiar (CESFAM),Centro de Salud Familiar Dr. Héctor García,Municipal,Buin,Vigente en Operación Habitual,True,39.87112364075715,
2025,12,13,13,13402,113402,135,140,119,77,471,Metropolitano Sur,Municipal ,Buin,Posta De Salud Rural Linderos,815.0,113333,Servicio de Salud Metropolitano Sur,Centro Comunitario de Salud Familiar (CECOSF),Centro Comunitario de Salud Familiar Dr. Ramón Galindo,Municipal,Buin,Vigente en Operación Habitual,True,57.79141104294479,
2025,12,13,13,13402,113404,90,55,68,34,247,Metropolitano Sur,Municipal ,Buin,Posta De Salud Rural Valdivia De Paine,456.0,,Servicio de Salud Metropolitano Sur,Posta de Salud Rural (PSR),Posta de Salud Rural Valdivia de Paine,Municipal,Buin,Vigente en Operación Habitual,True,54.166666666666664,
2025,12,13,13,13402,113405,98,94,95,42,329,Metropolitano Sur,Municipal ,Buin,Posta De Salud Rural Viluco,628.0,,Servicio de Salud Metropolitano Sur,Posta de Salud Rural (PSR),Posta de Salud Rural Viluco,Municipal,Buin,Vigente en Operación Habitual,True,52.38853503184714,
2025,12,13,13,13402,113406,34,38,27,10,109,Metropolitano Sur,Municipal ,Buin,Posta De Salud Rural El Recurso,179.0,,Servicio de Salud Metropolitano Sur,Posta de Salud Rural (PSR),Posta de Salud Rural El Recurso,Municipal,Buin,Vigente en Operación Habitual,True,60.893854748603346,
2025,12,13,13,13402,113407,74,77,58,31,240,Metropolitano Sur,Municipal ,Buin,Posta De Salud Rural Los Morros,408.0,,Servicio de Salud Metropolitano Sur,Posta de Salud Rural (PSR),Posta de Salud Rural Los Morros,Municipal,Buin,Vigente en Operación Habitual,True,58.82352941176471,
2025,12,13,13,13402,113790,183,191,144,61,579,Metropolitano Sur,Municipal ,Buin,Centro Comunitario De Salud Familiar Dr. Héctor García,765.0,113390,Servicio de Salud Metropolitano Sur,Centro Comunitario de Salud Familiar (CECOSF),Centro Comunitario de Salud Familiar Dr. Héctor García,Municipal,Buin,Vigente en Operación Habitual,True,75.68627450980392,
2025,12,13,13,13403,113321,129,134,133,74,470,Metropolitano Sur,Municipal ,Calera De Tango,Centro De Salud Familiar Calera De Tango,1105.0,,Servicio de Salud Metropolitano Sur,Centro de Salud Familiar (CESFAM),Centro de Salud Familiar Calera de Tango,Municipal,Calera de Tango,Vigente en Operación Habitual,True,42.53393665158371,
2025,12,13,13,13403,113334,202,201,193,124,720,Metropolitano Sur,Municipal ,Calera De Tango,Centro De Salud Familiar Los Bajos De San Agustín,1410.0,,Servicio de Salud Metropolitano Sur,Centro de Salud Familiar (CESFAM),Centro de Salud Familiar Los Bajos de San Agustín,Municipal,Calera de Tango,Vigente en Operación Habitual,True,51.06382978723404,
2025,12,13,13,13403,113413,2,3,4,0,9,Metropolitano Sur,Municipal ,Calera De Tango,Posta De Salud Rural Santa Inés,19.0,,Servicio de Salud Metropolitano Sur,Posta de Salud Rural (PSR),Posta de Salud Rural Santa Inés,Municipal,Calera de Tango,Vigente en Operación Habitual,True,47.368421052631575,
2025,12,13,13,13404,113318,759,709,610,302,2380,Metropolitano Sur,Municipal ,Paine,Centro De Salud Familiar Dr. Miguel Ángel Solar (Ex Cesfam Paine),4468.0,,Servicio de Salud Metropolitano Sur,Centro de Salud Familiar (CESFAM),Centro de Salud Familiar Dr. Miguel Ángel Solar (ex CESFAM Paine),Municipal,Paine,Vigente en Operación Habitual,True,53.26768128916741,
2025,12,13,13,13404,113319,276,286,306,182,1050,Metropolitano Sur,Municipal ,Paine,Centro De Salud Familiar Dr. Raúl Moya,1837.0,,Servicio de Salud Metropolitano Sur,Centro de Salud Familiar (CESFAM),Centro de Salud Familiar Dr. Raúl Moya,Municipal,Paine,Vigente en Operación Habitual,True,57.15841045182363,
2025,12,13,13,13404,113408,73,99,78,73,323,Metropolitano Sur,Municipal ,Paine,Posta De Salud Rural Pintué,372.0,,Servicio de Salud Metropolitano Sur,Posta de Salud Rural (PSR),Posta de Salud Rural Pintué,Municipal,Paine,Vigente en Operación Habitual,True,86.82795698924731,
2025,12,13,13,13404,113409,151,191,152,68,562,Metropolitano Sur,Municipal ,Paine,Posta De Salud Rural Huelquén,935.0,,Servicio de Salud Metropolitano Sur,Posta de Salud Rural (PSR),Posta de Salud Rural Huelquén,Municipal,Paine,Vigente en Operación Habitual,True,60.106951871657756,
2025,12,13,13,13404,113410,35,46,34,31,146,Metropolitano Sur,Municipal ,Paine,Posta De Salud Rural Rangue,157.0,,Servicio de Salud Metropolitano Sur,Posta de Salud Rural (PSR),Posta de Salud Rural Rangue,Municipal,Paine,Vigente en Operación Habitual,True,92.99363057324841,
2025,12,13,13,13404,113411,58,55,49,20,182,Metropolitano Sur,Municipal ,Paine,Posta De Salud Rural Abrantes,385.0,,Servicio de Salud Metropolitano Sur,Posta de Salud Rural (PSR),Posta de Salud Rural Abrantes,Municipal,Paine,Vigente en Operación Habitual,True,47.27272727272727,
2025,12,13,13,13404,113412,53,58,52,19,182,Metropolitano Sur,Municipal ,Paine,Posta De Salud Rural Chada,247.0,,Servicio de Salud Metropolitano Sur,Posta de Salud Rural (PSR),Posta de Salud Rural Chada,Municipal,Paine,Vigente en Operación Habitual,True,73.68421052631578,
2025,12,13,14,13110,114302,329,334,309,221,1193,Metropolitano Sur Oriente,Municipal ,La Florida,Centro De Salud Familiar Los Castaños,3766.0,,Servicio de Salud Metropolitano Sur Oriente,Centro de Salud Familiar (CESFAM),Centro de Salud Familiar Los Castaños,Municipal,La Florida,Vigente en Operación Habitual,True,31.678173127987254,
2025,12,13,14,13110,114303,346,407,449,343,1545,Metropolitano Sur Oriente,Municipal ,La Florida,Centro De Salud Familiar Bellavista,7260.0,,Servicio de Salud Metropolitano Sur Oriente,Centro de Salud Familiar (CESFAM),Centro de Salud Familiar Bellavista,Municipal,La Florida,Vigente en Operación Habitual,True,21.280991735537192,
2025,12,13,14,13110,114304,482,499,463,263,1707,Metropolitano Sur Oriente,Municipal ,La Florida,Centro De Salud Familiar Villa O'Higgins,4310.0,,Servicio de Salud Metropolitano Sur Oriente,Centro de Salud Familiar (CESFAM),Centro de Salud Familiar Villa O'Higgins,Municipal,La Florida,Vigente en Operación Habitual,True,39.60556844547563,
2025,12,13,14,13110,114305,351,300,494,449,1594,Metropolitano Sur Oriente,Municipal ,La Florida,Centro De Salud Familiar Los Quillayes,5572.0,,Servicio de Salud Metropolitano Sur Oriente,Centro de Salud Familiar (CESFAM),Centro de Salud Familiar Los Quillayes,Municipal,La Florida,Vigente en Operación Habitual,True,28.60732232591529,
2025,12,13,14,13110,114316,303,334,511,294,1442,Metropolitano Sur Oriente,Municipal ,La Florida,Centro De Salud Familiar Dr. Fernando Maffioletti,6065.0,,Servicio de Salud Metropolitano Sur Oriente,Centro de Salud Familiar (CESFAM),Centro de Salud Familiar Dr. Fernando Maffioletti,Municipal,La Florida,Vigente en Operación Habitual,True,23.7757625721352,
2025,12,13,14,13110,114324,374,427,340,276,1417,Metropolitano Sur Oriente,Municipal ,La Florida,Centro De Salud Familiar Santa Amalia,6521.0,,Servicio de Salud Metropolitano Sur Oriente,Centro de Salud Familiar (CESFAM),Centro de Salud Familiar Santa Amalia,Municipal,La Florida,Vigente en Operación Habitual,True,21.7297960435516,
2025,12,13,14,13110,114330,288,287,310,235,1120,Metropolitano Sur Oriente,Municipal ,La Florida,Centro De Salud Familiar Trinidad,3273.0,,Servicio de Salud Metropolitano Sur Oriente,Centro de Salud Familiar (CESFAM),Centro de Salud Familiar Trinidad,Municipal,La Florida,Vigente en Operación Habitual,True,34.21937060800489,
2025,12,13,14,13110,114331,321,328,356,311,1316,Metropolitano Sur Oriente,Municipal ,La Florida,Centro De Salud Familiar La Florida,6256.0,,Servicio de Salud Metropolitano Sur Oriente,Centro de Salud Familiar (CESFAM),Centro de Salud Familiar La Florida,Municipal,La Florida,Vigente en Operación Habitual,True,21.035805626598467,
2025,12,13,14,13110,114334,295,354,425,318,1392,Metropolitano Sur Oriente,Municipal ,La Florida,Centro De Salud Familiar José Alvo,4414.0,,Servicio de Salud Metropolitano Sur Oriente,Centro de Salud Familiar (CESFAM),Centro de Salud Familiar José Alvo,Municipal,La Florida,Vigente en Operación Habitual,True,31.536021748980513,
2025,12,13,14,13110,200475,8,5,15,12,40,,,,,,114303,Servicio de Salud Metropolitano Sur Oriente,Centro Comunitario de Salud Familiar (CECOSF),Centro Comunitario de Salud Familiar Las Lomas,Municipal,La Florida,Vigente en Operación Habitual,False,,Sin denominador PIV directo; no usar como cobertura establecimiento
2025,12,13,14,13111,114306,117,76,81,44,318,Metropolitano Sur Oriente,Municipal ,La Granja,Centro De Salud Familiar La Granja,6504.0,,Servicio de Salud Metropolitano Sur Oriente,Centro de Salud Familiar (CESFAM),Centro de Salud Familiar La Granja,Municipal,La Granja,Vigente en Operación Habitual,True,4.889298892988929,
2025,12,13,14,13111,114315,338,366,343,297,1344,Metropolitano Sur Oriente,Municipal ,La Granja,Centro De Salud Familiar Malaquías Concha,2259.0,,Servicio de Salud Metropolitano Sur Oriente,Centro de Salud Familiar (CESFAM),Centro de Salud Familiar Malaquías Concha,Municipal,La Granja,Vigente en Operación Habitual,True,59.495351925630814,
2025,12,13,14,13111,114325,699,773,932,615,3019,Metropolitano Sur Oriente,Municipal ,La Granja,Centro De Salud Familiar Granja Sur,5282.0,,Servicio de Salud Metropolitano Sur Oriente,Centro de Salud Familiar (CESFAM),Centro de Salud Familiar Granja Sur,Municipal,La Granja,Vigente en Operación Habitual,True,57.156380159030675,
2025,12,13,14,13111,114706,46,31,39,40,156,Metropolitano Sur Oriente,Municipal ,La Granja,Centro Comunitario De Salud Familiar Millalemu,14.0,114306,Servicio de Salud Metropolitano Sur Oriente,Centro Comunitario de Salud Familiar (CECOSF),Centro Comunitario de Salud Familiar Millalemu,Municipal,La Granja,Vigente en Operación Habitual,True,1114.2857142857142,
2025,12,13,14,13111,114796,47,23,37,19,126,Metropolitano Sur Oriente,Municipal ,La Granja,Centro Comunitario De Salud Familiar San Gregorio,17.0,114306,Servicio de Salud Metropolitano Sur Oriente,Centro Comunitario de Salud Familiar (CECOSF),Centro Comunitario de Salud Familiar San Gregorio,Municipal,La Granja,Vigente en Operación Habitual,True,741.1764705882354,
2025,12,13,14,13112,114308,223,221,194,109,747,Metropolitano Sur Oriente,Municipal ,La Pintana,Centro De Salud Familiar San Rafael (La Pintana),3185.0,,Servicio de Salud Metropolitano Sur Oriente,Centro de Salud Familiar (CESFAM),Centro de Salud Familiar San Rafael,Municipal,La Pintana,Vigente en Operación Habitual,True,23.453689167974883,
2025,12,13,14,13112,114309,661,497,359,136,1653,Metropolitano Sur Oriente,Municipal ,La Pintana,Centro De Salud Familiar Pablo De Rokha,3358.0,,Servicio de Salud Metropolitano Sur Oriente,Centro de Salud Familiar (CESFAM),Centro de Salud Familiar Pablo de Rokha,Municipal,La Pintana,Vigente en Operación Habitual,True,49.22572960095295,
2025,12,13,14,13112,114311,240,225,230,158,853,Metropolitano Sur Oriente,Municipal ,La Pintana,Centro De Salud Familiar Santiago De Nueva Extremadura,2461.0,,Servicio de Salud Metropolitano Sur Oriente,Centro de Salud Familiar (CESFAM),Centro de Salud Familiar Santiago de Nueva Extremadura,Municipal,La Pintana,Vigente en Operación Habitual,True,34.66070702966274,
2025,12,13,14,13112,114317,310,299,418,281,1308,Metropolitano Sur Oriente,Municipal ,La Pintana,Centro De Salud Familiar Santo Tomás,2787.0,,Servicio de Salud Metropolitano Sur Oriente,Centro de Salud Familiar (CESFAM),Centro de Salud Familiar Santo Tomás,Municipal,La Pintana,Vigente en Operación Habitual,True,46.93218514531755,
2025,12,13,14,13112,114318,119,77,83,64,343,Metropolitano Sur Oriente,Municipal ,La Pintana,Centro De Salud Familiar Flor Fernández,1246.0,,Servicio de Salud Metropolitano Sur Oriente,Centro de Salud Familiar (CESFAM),Centro de Salud Familiar Flor Fernández,Municipal,La Pintana,Vigente en Operación Habitual,True,27.52808988764045,
2025,12,13,14,13112,114319,300,253,319,279,1151,Metropolitano Sur Oriente,Municipal ,La Pintana,Centro De Salud Familiar El Roble,3893.0,,Servicio de Salud Metropolitano Sur Oriente,Centro de Salud Familiar (CESFAM),Centro de Salud Familiar El Roble,Municipal,La Pintana,Vigente en Operación Habitual,True,29.565887490367327,
2025,12,13,14,13112,114327,163,140,165,129,597,Metropolitano Sur Oriente,Otra Institución,La Pintana,Centro De Salud Familiar Juan Pablo Ii,1621.0,,Servicio de Salud Metropolitano Sur Oriente,Centro de Salud Familiar (CESFAM),Centro de Salud Familiar Juan Pablo II Red de Salud UC CHRISTUS,Delegado,La Pintana,Vigente en Operación Habitual,True,36.82911782850093,
2025,12,13,14,13131,114307,121,80,58,30,289,Metropolitano Sur Oriente,Municipal ,San Ramón,Centro De Salud Familiar La Bandera,2826.0,,Servicio de Salud Metropolitano Sur Oriente,Centro de Salud Familiar (CESFAM),Centro de Salud Familiar La Bandera,Municipal,San Ramón,Vigente en Operación Habitual,True,10.226468506723284,
2025,12,13,14,13131,114314,332,315,355,241,1243,Metropolitano Sur Oriente,Municipal ,San Ramón,Consultorio San Ramón,3343.0,,Servicio de Salud Metropolitano Sur Oriente,Centro de Salud Familiar (CESFAM),Centro de Salud Familiar Dr. Salvador Allende (Ex Consultorio San Ramón),Municipal,San Ramón,Vigente en Operación Habitual,True,37.18217170206402,
2025,12,13,14,13131,114328,427,367,241,136,1171,Metropolitano Sur Oriente,Municipal ,San Ramón,Centro De Salud Familiar Poetisa Gabriela Mistral,3355.0,,Servicio de Salud Metropolitano Sur Oriente,Centro de Salud Familiar (CESFAM),Centro de Salud Familiar Poetisa Gabriela Mistral,Municipal,San Ramón,Vigente en Operación Habitual,True,34.903129657228014,
2025,12,13,14,13131,114714,66,84,98,67,315,Metropolitano Sur Oriente,Municipal ,San Ramón,Centro Comunitario De Salud Familiar Modelo,704.0,114314,Servicio de Salud Metropolitano Sur Oriente,Centro Comunitario de Salud Familiar (CECOSF),Centro Comunitario de Salud Familiar Modelo,Municipal,San Ramón,Vigente en Operación Habitual,True,44.74431818181818,
2025,12,13,14,13201,114313,242,190,157,119,708,Metropolitano Sur Oriente,Municipal ,Puente Alto,Centro De Salud Familiar Vista Hermosa,2022.0,,Servicio de Salud Metropolitano Sur Oriente,Centro de Salud Familiar (CESFAM),Centro de Salud Familiar Vista Hermosa,Municipal,Puente Alto,Vigente en Operación Habitual,True,35.01483679525222,
2025,12,13,14,13201,114320,84,65,95,59,303,Metropolitano Sur Oriente,Municipal ,Puente Alto,Centro De Salud Familiar Bernardo Leighton,6426.0,,Servicio de Salud Metropolitano Sur Oriente,Centro de Salud Familiar (CESFAM),Centro de Salud Familiar Bernardo Leighton,Municipal,Puente Alto,Vigente en Operación Habitual,True,4.715219421101774,
2025,12,13,14,13201,114321,346,381,371,205,1303,Metropolitano Sur Oriente,Municipal ,Puente Alto,Centro De Salud Familiar Cardenal Silva Henríquez De Puente Alto,4704.0,,Servicio de Salud Metropolitano Sur Oriente,Centro de Salud Familiar (CESFAM),Centro de Salud Familiar Cardenal Silva Henríquez,Municipal,Puente Alto,Vigente en Operación Habitual,True,27.69982993197279,
2025,12,13,14,13201,114322,102,125,139,88,454,Metropolitano Sur Oriente,Municipal ,Puente Alto,Centro De Salud Familiar Padre Manuel Villaseca,12316.0,,Servicio de Salud Metropolitano Sur Oriente,Centro de Salud Familiar (CESFAM),Centro de Salud Familiar Padre Manuel Villaseca,Municipal,Puente Alto,Vigente en Operación Habitual,True,3.6862617733030207,
2025,12,13,14,13201,114323,273,226,211,104,814,Metropolitano Sur Oriente,Otra Institución,Puente Alto,Centro De Salud Familiar Madre Teresa De Calcuta (Organizaciones Sin Fines De Lucro Y Ong),2881.0,,Servicio de Salud Metropolitano Sur Oriente,Centro de Salud Familiar (CESFAM),Centro de Salud Familiar Madre Teresa de Calcuta Red de Salud UC CHRISTUS,Delegado,Puente Alto,Vigente en Operación Habitual,True,28.254078444984383,
2025,12,13,14,13201,114326,322,328,255,167,1072,Metropolitano Sur Oriente,Municipal ,Puente Alto,Centro De Salud Familiar Karol Wojtyla,3560.0,,Servicio de Salud Metropolitano Sur Oriente,Centro de Salud Familiar (CESFAM),Centro de Salud Familiar Karol Wojtyla,Municipal,Puente Alto,Vigente en Operación Habitual,True,30.112359550561795,
2025,12,13,14,13201,114329,295,302,264,142,1003,Metropolitano Sur Oriente,Otra Institución,Puente Alto,Centro De Salud Familiar San Alberto Hurtado,3279.0,,Servicio de Salud Metropolitano Sur Oriente,Centro de Salud Familiar (CESFAM),Centro de Salud Familiar San Alberto Hurtado Red de Salud UC CHRISTUS,Delegado,Puente Alto,Vigente en Operación Habitual,True,30.58859408356206,
2025,12,13,14,13201,114332,68,67,92,53,280,Metropolitano Sur Oriente,Municipal ,Puente Alto,Centro De Salud Familiar Laurita Vicuña,5078.0,,Servicio de Salud Metropolitano Sur Oriente,Centro de Salud Familiar (CESFAM),Centro de Salud Familiar Laurita Vicuña,Municipal,Puente Alto,Vigente en Operación Habitual,True,5.513981882630957,
2025,12,13,14,13202,114310,90,122,108,63,383,Metropolitano Sur Oriente,Municipal ,Pirque,Centro De Salud Familiar Dr. José Manuel Balmaceda,1550.0,,Servicio de Salud Metropolitano Sur Oriente,Centro de Salud Familiar (CESFAM),Centro de Salud Familiar Dr. José Manuel Balmaceda,Municipal,Pirque,Vigente en Operación Habitual,True,24.70967741935484,
2025,12,13,14,13202,114333,80,80,87,43,290,Metropolitano Sur Oriente,Municipal ,Pirque,Centro De Salud Rural El Principal,1417.0,,Servicio de Salud Metropolitano Sur Oriente,Consultorio General Rural (CGR),Centro de Salud Rural El Principal,Municipal,Pirque,Vigente en Operación Habitual,True,20.46577275935074,
2025,12,13,14,13202,114401,11,12,12,8,43,Metropolitano Sur Oriente,Municipal ,Pirque,Posta De Salud Rural Puntilla,201.0,,Servicio de Salud Metropolitano Sur Oriente,Posta de Salud Rural (PSR),Posta de Salud Rural Puntilla,Municipal,Pirque,Vigente en Operación Habitual,True,21.393034825870647,
2025,12,13,14,13202,114403,1,8,4,6,19,Metropolitano Sur Oriente,Municipal ,Pirque,Posta De Salud Rural Santa Rita,37.0,,Servicio de Salud Metropolitano Sur Oriente,Posta de Salud Rural (PSR),Posta de Salud Rural Santa Rita,Municipal,Pirque,Vigente en Operación Habitual,True,51.35135135135135,
2025,12,13,14,13202,114406,8,5,8,3,24,Metropolitano Sur Oriente,Municipal ,Pirque,Posta De Salud Rural San Vicente,90.0,,Servicio de Salud Metropolitano Sur Oriente,Posta de Salud Rural (PSR),Posta de Salud Rural San Vicente,Municipal,Pirque,Vigente en Operación Habitual,True,26.666666666666668,
2025,12,13,14,13203,114102,103,101,110,66,380,Metropolitano Sur Oriente,Servicio de Salud,San José De Maipo,Hospital San José De Maipo,967.0,,Servicio de Salud Metropolitano Sur Oriente,Hospital,Hospital San José de Maipo,Servicio de Salud,San José de Maipo,Vigente en Operación Habitual,True,39.29679420889349,
2025,12,13,14,13203,114407,33,32,31,18,114,Metropolitano Sur Oriente,Municipal ,San José De Maipo,Posta De Salud Rural Las Vertientes,339.0,,Servicio de Salud Metropolitano Sur Oriente,Posta de Salud Rural (PSR),Posta de Salud Rural Las Vertientes,Municipal,San José de Maipo,Vigente en Operación Habitual,True,33.6283185840708,
2025,12,13,14,13203,114410,3,4,3,4,14,Metropolitano Sur Oriente,Municipal ,San José De Maipo,Posta De Salud Rural San Gabriel,45.0,,Servicio de Salud Metropolitano Sur Oriente,Posta de Salud Rural (PSR),Posta de Salud Rural San Gabriel,Municipal,San José de Maipo,Vigente en Operación Habitual,True,31.11111111111111,
