IdEstablecimiento,IdEstablecimiento_denominador_original,servicio_salud_denominador,dependencia_denominador,comuna_denominador,establecimiento_denominador,denominador_poblacion_inscrita_validada_mujeres_50_69,codigo_madre_master,IdServicio_master,servicio_salud_master,tipo_establecimiento_master,establecimiento_master,dependencia_master,IdComuna_master,comuna_master,estado_funcionamiento_master
109300,109300,Metropolitano Norte,Municipal ,Independencia,Centro De Salud Familiar Agustín Cruz Melo,7839,,9,Servicio de Salud Metropolitano Norte,Centro de Salud Familiar (CESFAM),Centro de Salud Familiar Agustín Cruz Melo,Municipal,13108,Independencia,Vigente en Operación Habitual
109301,109301,Metropolitano Norte,Municipal ,Recoleta,Centro De Salud Familiar Recoleta,5003,,9,Servicio de Salud Metropolitano Norte,Centro de Salud Familiar (CESFAM),Centro de Salud Familiar Recoleta,Municipal,13127,Recoleta,Vigente en Operación Habitual
109302,109302,Metropolitano Norte,Municipal ,Conchalí,Centro De Salud Familiar Lucas Sierra,3907,,9,Servicio de Salud Metropolitano Norte,Centro de Salud Familiar (CESFAM),Centro de Salud Familiar Lucas Sierra,Municipal,13104,Conchalí,Vigente en Operación Habitual
109303,109303,Metropolitano Norte,Municipal ,Recoleta,Centro De Salud Familiar Quinta Bella,3605,,9,Servicio de Salud Metropolitano Norte,Centro de Salud Familiar (CESFAM),Centro de Salud Familiar Quinta Bella,Municipal,13127,Recoleta,Vigente en Operación Habitual
109304,109304,Metropolitano Norte,Municipal ,Recoleta,Centro De Salud Familiar Valdivieso,1400,,9,Servicio de Salud Metropolitano Norte,Centro de Salud Familiar (CESFAM),Centro de Salud Familiar Valdivieso,Municipal,13127,Recoleta,Vigente en Operación Habitual
109305,109305,Metropolitano Norte,Municipal ,Huechuraba,Centro De Salud Familiar  La Pincoya,3407,,9,Servicio de Salud Metropolitano Norte,Centro de Salud Familiar (CESFAM),Centro de Salud Familiar La Pincoya,Municipal,13107,Huechuraba,Vigente en Operación Habitual
109307,109307,Metropolitano Norte,Municipal ,Recoleta,Centro De Salud Familiar Dr. Juan Petrinovic (Ex Scroggie),3277,,9,Servicio de Salud Metropolitano Norte,Centro de Salud Familiar (CESFAM),Centro de Salud Familiar Dr. Juan Petrinovic (Ex Scroggie),Municipal,13127,Recoleta,Vigente en Operación Habitual
109308,109308,Metropolitano Norte,Municipal ,Conchalí,Centro De Salud Familiar Alberto Bachelet Martínez,3814,,9,Servicio de Salud Metropolitano Norte,Centro de Salud Familiar (CESFAM),Centro de Salud Familiar Alberto Bachelet Martínez,Municipal,13104,Conchalí,Vigente en Operación Habitual
109309,109309,Metropolitano Norte,Municipal ,Conchalí,Centro De Salud Familiar José Symon Ojeda,3245,,9,Servicio de Salud Metropolitano Norte,Centro de Salud Familiar (CESFAM),Centro de Salud Familiar José Symon Ojeda,Municipal,13104,Conchalí,Vigente en Operación Habitual
109310,109310,Metropolitano Norte,Municipal ,Colina,Centro De Salud Familiar Colina,6482,,9,Servicio de Salud Metropolitano Norte,Centro de Salud Familiar (CESFAM),Centro de Salud Familiar Colina,Municipal,13301,Colina,Vigente en Operación Habitual
109311,109311,Metropolitano Norte,Municipal ,Lampa,Centro De Salud Familiar  José Bauza Frau,4347,,9,Servicio de Salud Metropolitano Norte,Centro de Salud Familiar (CESFAM),Centro de Salud Familiar José Bauza Frau,Municipal,13302,Lampa,Vigente en Operación Habitual
109312,109312,Metropolitano Norte,Municipal ,Lampa,Centro De Salud Familiar Batuco,1666,,9,Servicio de Salud Metropolitano Norte,Centro de Salud Familiar (CESFAM),Centro de Salud Familiar Batuco,Municipal,13302,Lampa,Vigente en Operación Habitual
109313,109313,Metropolitano Norte,Municipal ,Quilicura,Centro De Salud Familiar  Irene Frei De Cid,4571,,9,Servicio de Salud Metropolitano Norte,Centro de Salud Familiar (CESFAM),Centro de Salud Familiar Irene Frei de Cid,Municipal,13125,Quilicura,Vigente en Operación Habitual
109314,109314,Metropolitano Norte,Municipal ,Conchalí,Centro De Salud Familiar Juanita Aguirre,3586,,9,Servicio de Salud Metropolitano Norte,Centro de Salud Familiar (CESFAM),Centro de Salud Familiar Juanita Aguirre,Municipal,13104,Conchalí,Vigente en Operación Habitual
109315,109315,Metropolitano Norte,Municipal ,Quilicura,Centro De Salud Familiar  Manuel Bustos De Quilicura,5539,,9,Servicio de Salud Metropolitano Norte,Centro de Salud Familiar (CESFAM),Centro de Salud Familiar Manuel Bustos Huerta,Municipal,13125,Quilicura,Vigente en Operación Habitual
109316,109316,Metropolitano Norte,Municipal ,Colina,Centro De Salud Familiar Esmeralda,5822,,9,Servicio de Salud Metropolitano Norte,Centro de Salud Familiar (CESFAM),Centro de Salud Familiar Esmeralda,Municipal,13301,Colina,Vigente en Operación Habitual
109317,109317,Metropolitano Norte,Municipal ,Huechuraba,Centro De Salud Familiar El Barrero,1476,,9,Servicio de Salud Metropolitano Norte,Centro de Salud Familiar (CESFAM),Centro de Salud Familiar El Barrero,Municipal,13107,Huechuraba,Vigente en Operación Habitual
109320,109320,Metropolitano Norte,Municipal ,Tiltil,Centro De Salud Familiar Huertos Familiares,1547,,9,Servicio de Salud Metropolitano Norte,Centro de Salud Familiar (CESFAM),Centro de Salud Familiar Huertos Familiares,Municipal,13303,Tiltil,Vigente en Operación Habitual
109321,109321,Metropolitano Norte,Municipal ,Independencia,Centro De Salud Familiar Juan Antonio Ríos,3402,,9,Servicio de Salud Metropolitano Norte,Centro de Salud Familiar (CESFAM),Centro de Salud Familiar Juan Antonio Ríos,Municipal,13108,Independencia,Vigente en Operación Habitual
109323,109323,Metropolitano Norte,Municipal ,Huechuraba,Centro De Salud Familiar Dr. Salvador Allende Gossens (Huechuraba),2061,,9,Servicio de Salud Metropolitano Norte,Centro de Salud Familiar (CESFAM),Centro de Salud Familiar Dr. Salvador Allende Gossens,Municipal,13107,Huechuraba,Vigente en Operación Habitual
109324,109324,Metropolitano Norte,Municipal ,Quilicura,Centro De Salud Familiar Presidente Salvador Allende Gossens (Quilicura),6445,,9,Servicio de Salud Metropolitano Norte,Centro de Salud Familiar (CESFAM),Centro de Salud Familiar Presidente Salvador Allende Gossens,Municipal,13125,Quilicura,Vigente en Operación Habitual
109390,109390,Metropolitano Norte,Otra Institución,Recoleta,Centro De Salud Familiar Cristo Vive (Ong),3287,,9,Servicio de Salud Metropolitano Norte,Centro de Salud Familiar (CESFAM),Centro de Salud Familiar Cristo Vive (ONG),Otra Institución,13127,Recoleta,Vigente en Operación Habitual
109407,109407,Metropolitano Norte,Municipal ,Lampa,Posta De Salud Rural Juan Pablo Ii De Lampa,1068,,9,Servicio de Salud Metropolitano Norte,Posta de Salud Rural (PSR),Posta de Salud Rural Juan Pablo II de Lampa,Municipal,13302,Lampa,Cerrado
109410,109410,Metropolitano Norte,Municipal ,Tiltil,Posta De Salud Rural La Capilla De Caleu,69,,9,Servicio de Salud Metropolitano Norte,Posta de Salud Rural (PSR),Posta de Salud Rural La Capilla de Caleu,Municipal,13303,Tiltil,Vigente en Operación Habitual
109412,109412,Metropolitano Norte,Municipal ,Tiltil,Posta De Salud Rural Montenegro,59,,9,Servicio de Salud Metropolitano Norte,Posta de Salud Rural (PSR),Posta de Salud Rural Montenegro,Municipal,13303,Tiltil,Vigente en Operación Habitual
109413,109413,Metropolitano Norte,Municipal ,Tiltil,Posta De Salud Rural Rungue,65,,9,Servicio de Salud Metropolitano Norte,Posta de Salud Rural (PSR),Posta de Salud Rural Rungue,Municipal,13303,Tiltil,Vigente en Operación Habitual
109414,109414,Metropolitano Norte,Municipal ,Tiltil,Posta De Salud Rural Polpaico,222,,9,Servicio de Salud Metropolitano Norte,Posta de Salud Rural (PSR),Posta de Salud Rural Polpaico,Municipal,13303,Tiltil,Vigente en Operación Habitual
109416,109416,Metropolitano Norte,Municipal ,Colina,Posta De Salud Rural Colorado,4,,9,Servicio de Salud Metropolitano Norte,Posta de Salud Rural (PSR),Posta de Salud Rural Colorado,Municipal,13301,Colina,Vigente en Operación Habitual
109417,109417,Metropolitano Norte,Municipal ,Colina,Posta De Salud Rural Los Ingleses,7,,9,Servicio de Salud Metropolitano Norte,Posta de Salud Rural (PSR),Posta de Salud Rural Los Ingleses,Municipal,13301,Colina,Vigente en Operación Habitual
109418,109418,Metropolitano Norte,Municipal ,Colina,Posta De Salud Rural Las Canteras,12,,9,Servicio de Salud Metropolitano Norte,Posta de Salud Rural (PSR),Posta de Salud Rural Las Canteras,Municipal,13301,Colina,Vigente en Operación Habitual
109419,109419,Metropolitano Norte,Municipal ,Colina,Posta De Salud Rural Santa Marta De Liray,7,,9,Servicio de Salud Metropolitano Norte,Posta de Salud Rural (PSR),Posta de Salud Rural Santa Marta de Liray,Municipal,13301,Colina,Vigente en Operación Habitual
109420,109420,Metropolitano Norte,Municipal ,Colina,Posta De Salud Rural Chacabuco (Colina),3,,9,Servicio de Salud Metropolitano Norte,Posta de Salud Rural (PSR),Posta de Salud Rural Chacabuco (Colina),Municipal,13301,Colina,Vigente en Operación Habitual
109709,109709,Metropolitano Norte,Municipal ,Conchalí,Centro Comunitario De Salud Familiar Dr. José Symón Ojeda,620,109309,9,Servicio de Salud Metropolitano Norte,Centro Comunitario de Salud Familiar (CECOSF),Centro Comunitario de Salud Familiar Dr. José Symón Ojeda,Municipal,13104,Conchalí,Vigente en Operación Habitual
109711,109711,Metropolitano Norte,Municipal ,Lampa,Centro Comunitario De Salud Familiar Sol De Septiembre,578,109311,9,Servicio de Salud Metropolitano Norte,Centro Comunitario de Salud Familiar (CECOSF),Centro Comunitario de Salud Familiar Sol de Septiembre,Municipal,13302,Lampa,Vigente en Operación Habitual
109712,109712,Metropolitano Norte,Municipal ,Lampa,Centro Comunitario De Salud Familiar Batuco,643,109312,9,Servicio de Salud Metropolitano Norte,Centro Comunitario de Salud Familiar (CECOSF),Centro Comunitario de Salud Familiar Batuco,Municipal,13302,Lampa,Vigente en Operación Habitual
109713,109713,Metropolitano Norte,Municipal ,Quilicura,Centro Comunitario De Salud Familiar La Foresta,496,109324,9,Servicio de Salud Metropolitano Norte,Centro Comunitario de Salud Familiar (CECOSF),Centro Comunitario de Salud Familiar La Foresta,Municipal,13125,Quilicura,Vigente en Operación Habitual
109715,109715,Metropolitano Norte,Municipal ,Quilicura,Centro Comunitario De Salud Familiar Pucara De Lasana,374,109315,9,Servicio de Salud Metropolitano Norte,Centro Comunitario de Salud Familiar (CECOSF),Centro Comunitario de Salud Familiar Pucara de Lasana,Municipal,13125,Quilicura,Vigente en Operación Habitual
109716,109716,Metropolitano Norte,Municipal ,Colina,Centro Comunitario De Salud Familiar Esmeralda,94,109316,9,Servicio de Salud Metropolitano Norte,Centro Comunitario de Salud Familiar (CECOSF),Centro Comunitario de Salud Familiar Esmeralda,Municipal,13301,Colina,Vigente en Operación Habitual
109718,109718,Metropolitano Norte,Municipal ,Huechuraba,Centro Comunitario De Salud Familiar Los Libertadores,1173,109305,9,Servicio de Salud Metropolitano Norte,Centro Comunitario de Salud Familiar (CECOSF),Centro Comunitario de Salud Familiar Los Libertadores,Municipal,13107,Huechuraba,Vigente en Operación Habitual
110160,110160,Metropolitano Occidente,Servicio de Salud,Curacav¿,Hospital De Curacaví,2787,,10,Servicio de Salud Metropolitano Occidente,Hospital,Hospital de Curacaví,Servicio de Salud,13503,Curacaví,Vigente en Operación Habitual
110300,110300,Metropolitano Occidente,Servicio de Salud,Pudahuel,Centro De Referencia De Salud Salvador Allende,1,,10,Servicio de Salud Metropolitano Occidente,Centro de Referencia de Salud (CRS),Centro de Referencia de Salud Salvador Allende,Servicio de Salud,13124,Pudahuel,Vigente en Operación Habitual
110308,110308,Metropolitano Occidente,Municipal ,Peñaflor,Centro De Salud Familiar Peñaflor,5180,,10,Servicio de Salud Metropolitano Occidente,Centro de Salud Familiar (CESFAM),Centro de Salud Familiar Peñaflor,Municipal,13605,Peñaflor,Vigente en Operación Habitual
110310,110310,Metropolitano Occidente,Servicio de Salud,Quinta Normal,CESFAM Andes,3237,,10,Servicio de Salud Metropolitano Occidente,Centro de Salud Familiar (CESFAM),Centro de Salud Familiar Andes,Servicio de Salud,13126,Quinta Normal,Vigente en Operación Habitual
110315,110315,Metropolitano Occidente,Municipal ,Lo Prado,Centro De Salud Familiar Santa Anita,4849,,10,Servicio de Salud Metropolitano Occidente,Centro de Salud Familiar (CESFAM),Centro de Salud Familiar Santa Anita,Municipal,13117,Lo Prado,Vigente en Operación Habitual
110316,110316,Metropolitano Occidente,Municipal ,Lo Prado,Centro De Salud Familiar Pablo Neruda,3717,,10,Servicio de Salud Metropolitano Occidente,Centro de Salud Familiar (CESFAM),Centro de Salud Familiar Pablo Neruda,Municipal,13117,Lo Prado,Vigente en Operación Habitual
110320,110320,Metropolitano Occidente,Municipal ,Quinta Normal,Centro De Salud Familiar Lo Franco,4927,,10,Servicio de Salud Metropolitano Occidente,Centro de Salud Familiar (CESFAM),Centro de Salud Familiar Lo Franco,Municipal,13126,Quinta Normal,Vigente en Operación Habitual
110325,110325,Metropolitano Occidente,Municipal ,Quinta Normal,Centro De Salud Familiar Garín,4118,,10,Servicio de Salud Metropolitano Occidente,Centro de Salud Familiar (CESFAM),Centro de Salud Familiar Garín,Municipal,13126,Quinta Normal,Vigente en Operación Habitual
110330,110330,Metropolitano Occidente,Municipal ,Cerro Navia,Centro De Salud Familiar Dr. Adalberto Steeger,4636,,10,Servicio de Salud Metropolitano Occidente,Centro de Salud Familiar (CESFAM),Centro de Salud Familiar Dr. Adalberto Steeger,Municipal,13103,Cerro Navia,Vigente en Operación Habitual
110331,110331,Metropolitano Occidente,Municipal ,Cerro Navia,Centro De Salud Familiar Lo Amor,2616,,10,Servicio de Salud Metropolitano Occidente,Centro de Salud Familiar (CESFAM),Centro de Salud Familiar Lo Amor,Municipal,13103,Cerro Navia,Vigente en Operación Habitual
110335,110335,Metropolitano Occidente,Municipal ,Cerro Navia,Centro De Salud Familiar Cerro Navia,3745,,10,Servicio de Salud Metropolitano Occidente,Centro de Salud Familiar (CESFAM),Centro de Salud Familiar Cerro Navia,Municipal,13103,Cerro Navia,Vigente en Operación Habitual
110340,110340,Metropolitano Occidente,Municipal ,Lo Prado,Centro De Salud Familiar Dr. Raúl Yazigi,4907,,10,Servicio de Salud Metropolitano Occidente,Centro de Salud Familiar (CESFAM),Centro de Salud Familiar Dr. Raúl Yazigi,Municipal,13117,Lo Prado,Vigente en Operación Habitual
110345,110345,Metropolitano Occidente,Municipal ,Lo Prado,Centro De Salud Familiar Dr. Avendaño,3862,,10,Servicio de Salud Metropolitano Occidente,Centro de Salud Familiar (CESFAM),Centro de Salud Familiar Dr. Carlos Avendaño,Municipal,13117,Lo Prado,Vigente en Operación Habitual
110350,110350,Metropolitano Occidente,Municipal ,Pudahuel,Centro De Salud Familiar Pudahuel Estrella,7402,,10,Servicio de Salud Metropolitano Occidente,Centro de Salud Familiar (CESFAM),Centro de Salud Familiar Pudahuel Estrella,Municipal,13124,Pudahuel,Vigente en Operación Habitual
110351,110351,Metropolitano Occidente,Municipal ,Pudahuel,Consultorio Pudahuel Poniente,4853,,10,Servicio de Salud Metropolitano Occidente,Centro de Salud Familiar (CESFAM),Centro de Salud Familiar Pudahuel Poniente,Municipal,13124,Pudahuel,Vigente en Operación Habitual
110352,110352,Metropolitano Occidente,Municipal ,Pudahuel,Centro De Salud Familiar Dr. Gustavo Molina,5303,,10,Servicio de Salud Metropolitano Occidente,Centro de Salud Familiar (CESFAM),Centro de Salud Familiar Dr. Gustavo Molina,Municipal,13124,Pudahuel,Vigente en Operación Habitual
110353,110353,Metropolitano Occidente,Municipal ,Pudahuel,Centro De Salud Familiar Cardenal Raúl Silva Henríquez De Pudahuel,2973,,10,Servicio de Salud Metropolitano Occidente,Centro de Salud Familiar (CESFAM),Centro de Salud Familiar Cardenal Raúl Silva Henríquez,Municipal,13124,Pudahuel,Vigente en Operación Habitual
110354,110354,Metropolitano Occidente,Municipal ,Pudahuel,Centro De Salud Familiar Violeta Parra,7635,,10,Servicio de Salud Metropolitano Occidente,Centro de Salud Familiar (CESFAM),Centro de Salud Familiar Violeta Parra,Municipal,13124,Pudahuel,Vigente en Operación Habitual
110355,110355,Metropolitano Occidente,Municipal ,Cerro Navia,Centro De Salud Familiar Dr. Arturo Albertz,4383,,10,Servicio de Salud Metropolitano Occidente,Centro de Salud Familiar (CESFAM),Centro de Salud Familiar Dr. Arturo Albertz,Municipal,13103,Cerro Navia,Vigente en Operación Habitual
110360,110360,Metropolitano Occidente,Municipal ,Renca,Centro De Salud Familiar Renca,7678,,10,Servicio de Salud Metropolitano Occidente,Centro de Salud Familiar (CESFAM),Centro de Salud Familiar Renca,Municipal,13128,Renca,Vigente en Operación Habitual
110361,110361,Metropolitano Occidente,Municipal ,Renca,Centro De Salud Familiar Bicentenario,3905,,10,Servicio de Salud Metropolitano Occidente,Centro de Salud Familiar (CESFAM),Centro de Salud Familiar Bicentenario,Municipal,13128,Renca,Vigente en Operación Habitual
110362,110362,Metropolitano Occidente,Municipal ,Renca,Centro De Salud Familiar Dr. Hernán Urzúa Merino,3303,,10,Servicio de Salud Metropolitano Occidente,Centro de Salud Familiar (CESFAM),Centro de Salud Familiar Dr. Hernán Urzúa Merino,Municipal,13128,Renca,Vigente en Operación Habitual
110364,110364,Metropolitano Occidente,Municipal ,Renca,Centro De Salud Familiar Huamachuco,2012,,10,Servicio de Salud Metropolitano Occidente,Centro de Salud Familiar (CESFAM),Centro de Salud Familiar Huamachuco,Municipal,13128,Renca,Vigente en Operación Habitual
110366,110366,Metropolitano Occidente,Municipal ,Padre Hurtado,Centro De Salud Familiar Juan Pablo Ii De Padre Hurtado,6807,,10,Servicio de Salud Metropolitano Occidente,Centro de Salud Familiar (CESFAM),Centro de Salud Familiar Juan Pablo II ( Padre Hurtado),Municipal,13604,Padre Hurtado,Vigente en Operación Habitual
110369,110369,Metropolitano Occidente,Municipal ,Peñaflor,Centro De Salud Familiar Dr. Fernando Monckeberg,5211,,10,Servicio de Salud Metropolitano Occidente,Centro de Salud Familiar (CESFAM),Centro de Salud Familiar Dr. Fernando Monckeberg,Municipal,13605,Peñaflor,Vigente en Operación Habitual
110370,110370,Metropolitano Occidente,Municipal ,El Monte,Centro De Salud Familiar El Monte,3862,,10,Servicio de Salud Metropolitano Occidente,Centro de Salud Familiar (CESFAM),Centro de Salud Familiar El Monte,Municipal,13602,El Monte,Vigente en Operación Habitual
110375,110375,Metropolitano Occidente,Municipal ,Isla De Maipo,Centro De Salud Familiar Isla De Maipo,2956,,10,Servicio de Salud Metropolitano Occidente,Centro de Salud Familiar (CESFAM),Centro de Salud Familiar Isla de Maipo,Municipal,13603,Isla de Maipo,Vigente en Operación Habitual
110378,110378,Metropolitano Occidente,Municipal ,Melipilla,Centro De Salud Familiar Dr. Edelberto Elgueta,4437,,10,Servicio de Salud Metropolitano Occidente,Centro de Salud Familiar (CESFAM),Centro de Salud Familiar Dr. Edelberto Elgueta,Municipal,13501,Melipilla,Vigente en Operación Habitual
110379,110379,Metropolitano Occidente,Municipal ,Melipilla,Centro De Salud Familiar Dr. Francisco Boris Soler,4070,,10,Servicio de Salud Metropolitano Occidente,Centro de Salud Familiar (CESFAM),Centro de Salud Familiar Dr. Francisco Boris Soler,Municipal,13501,Melipilla,Vigente en Operación Habitual
110380,110380,Metropolitano Occidente,Municipal ,Melipilla,Centro De Salud Familiar San Manuel,1370,,10,Servicio de Salud Metropolitano Occidente,Centro de Salud Familiar (CESFAM),Centro de Salud Familiar San Manuel,Municipal,13501,Melipilla,Vigente en Operación Habitual
110381,110381,Metropolitano Occidente,Municipal ,Melipilla,Centro De Salud Rural Alfarera Rosa Reyes Vilches,758,,10,Servicio de Salud Metropolitano Occidente,Centro de Salud Familiar (CESFAM),Centro de Salud Familiar Alfarera Rosa Reyes Vilches,Municipal,13501,Melipilla,Vigente en Operación Habitual
110385,110385,Metropolitano Occidente,Municipal ,María Pinto,Centro De Salud Familiar Adriana Madrid De Costabal,1008,,10,Servicio de Salud Metropolitano Occidente,Centro de Salud Familiar (CESFAM),Centro de Salud Familiar Adriana Madrid De Costabal,Municipal,13504,Maria Pinto,Vigente en Operación Habitual
110387,110387,Metropolitano Occidente,Municipal ,San Pedro,Centro De Salud Familiar San Pedro,1077,,10,Servicio de Salud Metropolitano Occidente,Centro de Salud Familiar (CESFAM),Centro de Salud Familiar San Pedro,Municipal,13505,San Pedro,Vigente en Operación Habitual
110390,110390,Metropolitano Occidente,Municipal ,Talagante,Centro De Salud Familiar Dr. Alberto Allende Jones,7678,,10,Servicio de Salud Metropolitano Occidente,Centro de Salud Familiar (CESFAM),Centro de Salud Familiar Dr. Alberto Allende Jones,Municipal,13601,Talagante,Vigente en Operación Habitual
110393,110393,Metropolitano Occidente,Municipal ,Alhué,Centro De Salud Familiar Villa Alhué,805,,10,Servicio de Salud Metropolitano Occidente,Centro de Salud Familiar (CESFAM),Centro de Salud Familiar Villa Alhué,Municipal,13502,Alhué,Vigente en Operación Habitual
110400,110400,Metropolitano Occidente,Municipal ,Talagante,Posta De Salud Rural Aliro Cárcarmo (Lonquén),70,,10,Servicio de Salud Metropolitano Occidente,Posta de Salud Rural (PSR),Posta de Salud Rural Aliro Cárcarmo (Lonquén),Municipal,13601,Talagante,Vigente en Operación Habitual
110410,110410,Metropolitano Occidente,Municipal ,Pudahuel,Centro Comunitario De Salud Familiar Irene Frei Montalva,63,110351,10,Servicio de Salud Metropolitano Occidente,Centro Comunitario de Salud Familiar (CECOSF),Centro Comunitario de Salud Familiar Irene Frei Montalva,Municipal,13124,Pudahuel,Vigente en Operación Habitual
110425,110425,Metropolitano Occidente,Municipal ,Isla De Maipo,Centro De Salud Familiar La Islita,722,,10,Servicio de Salud Metropolitano Occidente,Centro de Salud Familiar (CESFAM),Centro de Salud Familiar La Islita,Municipal,13603,Isla de Maipo,Vigente en Operación Habitual
110430,110430,Metropolitano Occidente,Municipal ,Isla De Maipo,Posta De Salud Rural San Antonio De Naltagua,83,,10,Servicio de Salud Metropolitano Occidente,Posta de Salud Rural (PSR),Posta de Salud Rural San Antonio de Naltagua,Municipal,13603,Isla de Maipo,Vigente en Operación Habitual
110431,110431,Metropolitano Occidente,Municipal ,Isla De Maipo,Posta De Salud Rural Gacitúa,105,,10,Servicio de Salud Metropolitano Occidente,Posta de Salud Rural (PSR),Posta de Salud Rural Gacitúa,Municipal,13603,Isla de Maipo,Vigente en Operación Habitual
110432,110432,Metropolitano Occidente,Municipal ,Isla De Maipo,Posta De Salud Rural Las Mercedes ( Isla De Maipo ),94,,10,Servicio de Salud Metropolitano Occidente,Posta de Salud Rural (PSR),Posta de Salud Rural Las Mercedes ( Isla de Maipo ),Municipal,13603,Isla de Maipo,Vigente en Operación Habitual
110440,110440,Metropolitano Occidente,Municipal ,Melipilla,Posta De Salud Rural Bollenar,890,,10,Servicio de Salud Metropolitano Occidente,Posta de Salud Rural (PSR),Posta de Salud Rural Bollenar,Municipal,13501,Melipilla,Vigente en Operación Habitual
110445,110445,Metropolitano Occidente,Municipal ,Melipilla,Posta De Salud Rural Pahuilmo,635,,10,Servicio de Salud Metropolitano Occidente,Posta de Salud Rural (PSR),Posta de Salud Rural Pahuilmo,Municipal,13501,Melipilla,Vigente en Operación Habitual
110455,110455,Metropolitano Occidente,Municipal ,Melipilla,Posta De Salud Rural Pabellón,225,,10,Servicio de Salud Metropolitano Occidente,Posta de Salud Rural (PSR),Posta de Salud Rural Pabellón,Municipal,13501,Melipilla,Vigente en Operación Habitual
110465,110465,Metropolitano Occidente,Municipal ,María Pinto,Posta De Salud Rural Santa Emilia,376,,10,Servicio de Salud Metropolitano Occidente,Posta de Salud Rural (PSR),Posta de Salud Rural Santa Emilia,Municipal,13504,Maria Pinto,Vigente en Operación Habitual
110470,110470,Metropolitano Occidente,Municipal ,María Pinto,Posta De Salud Rural Las Mercedes ( María Pinto ),190,,10,Servicio de Salud Metropolitano Occidente,Posta de Salud Rural (PSR),Posta de Salud Rural Las Mercedes ( María Pinto ),Municipal,13504,Maria Pinto,Vigente en Operación Habitual
110475,110475,Metropolitano Occidente,Municipal ,María Pinto,Posta De Salud Rural Chorombo,408,,10,Servicio de Salud Metropolitano Occidente,Posta de Salud Rural (PSR),Posta de Salud Rural Chorombo,Municipal,13504,Maria Pinto,Vigente en Operación Habitual
110477,110477,Metropolitano Occidente,Servicio de Salud,Curacav¿,CECOSF María Salas,145,110160,10,Servicio de Salud Metropolitano Occidente,Centro Comunitario de Salud Familiar (CECOSF),Centro Comunitario de Salud Familiar María Salas,Servicio de Salud,13503,Curacaví,Vigente en Operación Habitual
110485,110485,Metropolitano Occidente,Municipal ,San Pedro,Posta De Salud Rural Loica,90,,10,Servicio de Salud Metropolitano Occidente,Posta de Salud Rural (PSR),Posta de Salud Rural Loica,Municipal,13505,San Pedro,Cerrado
110490,110490,Metropolitano Occidente,Municipal ,San Pedro,Posta De Salud Rural La Manga,57,,10,Servicio de Salud Metropolitano Occidente,Posta de Salud Rural (PSR),Posta de Salud Rural La Manga,Municipal,13505,San Pedro,Vigente en Operación Habitual
110492,110492,Metropolitano Occidente,Municipal ,San Pedro,Posta De Salud Rural Nihue,60,,10,Servicio de Salud Metropolitano Occidente,Posta de Salud Rural (PSR),Posta de Salud Rural Nihue,Municipal,13505,San Pedro,Vigente en Operación Habitual
110495,110495,Metropolitano Occidente,Municipal ,San Pedro,Posta De Salud Rural El Prado,91,,10,Servicio de Salud Metropolitano Occidente,Posta de Salud Rural (PSR),Posta de Salud Rural El Prado,Municipal,13505,San Pedro,Vigente en Operación Habitual
110503,110503,Metropolitano Occidente,Municipal ,Alhué,Posta De Salud Rural Hacienda Alhué,70,110393,10,Servicio de Salud Metropolitano Occidente,Centro Comunitario de Salud Familiar (CECOSF),Centro Comunitario de Salud Familiar Hacienda Alhué,Municipal,13502,Alhué,Vigente en Operación Habitual
110505,110505,Metropolitano Occidente,Municipal ,Alhué,Posta De Salud Rural Pichi,5,,10,Servicio de Salud Metropolitano Occidente,Posta de Salud Rural (PSR),Posta de Salud Rural Pichi,Municipal,13502,Alhué,Vigente en Operación Habitual
110510,110510,Metropolitano Occidente,Municipal ,Alhué,Posta De Salud Rural El Asiento,6,,10,Servicio de Salud Metropolitano Occidente,Posta de Salud Rural (PSR),Posta de Salud Rural El Asiento,Municipal,13502,Alhué,Vigente en Operación Habitual
110515,110515,Metropolitano Occidente,Municipal ,Alhué,Posta De Salud Rural Santa María,2,,10,Servicio de Salud Metropolitano Occidente,Posta de Salud Rural (PSR),Posta de Salud Rural Santa María,Municipal,13502,Alhué,Cerrado
110725,110725,Metropolitano Occidente,Municipal ,Quinta Normal,Centro Comunitario De Salud Familiar Antumalal,1,110325,10,Servicio de Salud Metropolitano Occidente,Centro Comunitario de Salud Familiar (CECOSF),Centro Comunitario de Salud Familiar Antumalal,Municipal,13126,Quinta Normal,Vigente en Operación Habitual
110735,110735,Metropolitano Occidente,Municipal ,Cerro Navia,Centro Comunitario De Salud Familiar Los Lagos (Unidad Vecinal Nº 33),14,110335,10,Servicio de Salud Metropolitano Occidente,Centro Comunitario de Salud Familiar (CECOSF),Centro Comunitario de Salud Familiar Los Lagos (Unidad Vecinal Nº 33),Municipal,13103,Cerro Navia,Vigente en Operación Habitual
110750,110750,Metropolitano Occidente,Municipal ,Pudahuel,Centro Comunitario De Salud Familiar Concejal Guillermo Flores O.,29,110350,10,Servicio de Salud Metropolitano Occidente,Centro Comunitario de Salud Familiar (CECOSF),Centro Comunitario de Salud Familiar Concejal Guillermo Flores O.,Municipal,13124,Pudahuel,Vigente en Operación Habitual
110752,110752,Metropolitano Occidente,Municipal ,Pudahuel,Centro Comunitario De Salud Familiar Padre Félix Gutiérrez Donoso,76,110354,10,Servicio de Salud Metropolitano Occidente,Centro Comunitario de Salud Familiar (CECOSF),Centro Comunitario de Salud Familiar Padre Félix Gutiérrez Donoso,Municipal,13124,Pudahuel,Vigente en Operación Habitual
110754,110754,Metropolitano Occidente,Municipal ,Pudahuel,Centro Comunitario De Salud Familiar Río Claro,42,110354,10,Servicio de Salud Metropolitano Occidente,Centro Comunitario de Salud Familiar (CECOSF),Centro Comunitario de Salud Familiar Río Claro,Municipal,13124,Pudahuel,Vigente en Operación Habitual
110756,110756,Metropolitano Occidente,Municipal ,Pudahuel,Centro Comunitario De Salud Familiar Mar Caribe,76,110350,10,Servicio de Salud Metropolitano Occidente,Centro Comunitario de Salud Familiar (CECOSF),Centro Comunitario de Salud Familiar Mar Caribe,Municipal,13124,Pudahuel,Vigente en Operación Habitual
110758,110758,Metropolitano Occidente,Municipal ,Pudahuel,Centro Comunitario De Salud Familiar Santa Corina,56,110350,10,Servicio de Salud Metropolitano Occidente,Centro Comunitario de Salud Familiar (CECOSF),Centro Comunitario de Salud Familiar Santa Corina,Municipal,13124,Pudahuel,Vigente en Operación Habitual
110760,110760,Metropolitano Occidente,Servicio de Salud,Curacav¿,CECOSF Curacaví,275,110160,10,Servicio de Salud Metropolitano Occidente,Centro Comunitario de Salud Familiar (CECOSF),Centro Comunitario de Salud Familiar Valmi  Aguirre,Servicio de Salud,13503,Curacaví,Vigente en Operación Habitual
110775,110775,Metropolitano Occidente,Municipal ,Isla De Maipo,Centro Comunitario De Salud Familiar La Islita,180,110375,10,Servicio de Salud Metropolitano Occidente,Centro Comunitario de Salud Familiar (CECOSF),Centro Comunitario de Salud Familiar La Islita,Municipal,13603,Isla de Maipo,Vigente en Operación Habitual
110778,110778,Metropolitano Occidente,Municipal ,Melipilla,Centro Comunitario De Salud Familiar Padre Demetrio Bravo,547,110378,10,Servicio de Salud Metropolitano Occidente,Centro Comunitario de Salud Familiar (CECOSF),Centro Comunitario de Salud Familiar Padre Demetrio Bravo,Municipal,13501,Melipilla,Vigente en Operación Habitual
110781,110781,Metropolitano Occidente,Municipal ,Melipilla,Centro Comunitario De Salud Familiar Obispo Pablo Lizama,229,200965,10,Servicio de Salud Metropolitano Occidente,Centro Comunitario de Salud Familiar (CECOSF),Centro Comunitario de Salud Familiar Obispo Pablo Lizama,Municipal,13501,Melipilla,Vigente en Operación Habitual
110783,110783,Metropolitano Occidente,Municipal ,Melipilla,Centro Comunitario De Salud Familiar Codigua,174,110380,10,Servicio de Salud Metropolitano Occidente,Centro Comunitario de Salud Familiar (CECOSF),Centro Comunitario de Salud Familiar Codigua,Municipal,13501,Melipilla,Vigente en Operación Habitual
111300,111300,Metropolitano Central,Servicio de Salud,Santiago,CESFAM N° 1 Dr. Ramón Corbalán Melgarejo,7276,,11,Servicio de Salud Metropolitano Central,Centro de Salud Familiar (CESFAM),Centro de Salud Familiar N° 1 Dr. Ramón Corbalán Melgarejo,Servicio de Salud,13101,Santiago,Vigente en Operación Habitual
111301,111301,Metropolitano Central,Servicio de Salud,Santiago,CESFAM Nº 5,3642,,11,Servicio de Salud Metropolitano Central,Centro de Salud Familiar (CESFAM),Centro de Salud Familiar Nº 5,Servicio de Salud,13101,Santiago,Vigente en Operación Habitual
111302,111302,Metropolitano Central,Servicio de Salud,Estación Central,CESFAM Padre Vicente Irarrázabal,2625,,11,Servicio de Salud Metropolitano Central,Centro de Salud Familiar (CESFAM),Centro de Salud Familiar Padre Vicente Irarrázabal,Servicio de Salud,13106,Estación Central,Vigente en Operación Habitual
111303,111303,Metropolitano Sur,Municipal ,Pedro Aguirre Cerda,Centro De Salud Familiar Lo Valledor Norte,2097,,13,Servicio de Salud Metropolitano Sur,Centro de Salud Familiar (CESFAM),Centro de Salud Familiar Lo Valledor Norte,Municipal,13121,Pedro Aguirre Cerda,Vigente en Operación Habitual
111304,111304,Metropolitano Central,Servicio de Salud,Maipú,CESFAM Maipú,7526,,11,Servicio de Salud Metropolitano Central,Centro de Salud Familiar (CESFAM),Centro de Salud Familiar Maipú,Servicio de Salud,13119,Maipú,Vigente en Operación Habitual
111305,111305,Metropolitano Central,Servicio de Salud,Cerrillos,CESFAM Dr. Norman Voulliéme,3856,,11,Servicio de Salud Metropolitano Central,Centro de Salud Familiar (CESFAM),Centro de Salud Familiar Dr. Norman Voulliéme,Servicio de Salud,13102,Cerrillos,Vigente en Operación Habitual
111306,111306,Metropolitano Central,Servicio de Salud,Estación Central,CESFAM San Jos¿ De Chuchunco,3844,,11,Servicio de Salud Metropolitano Central,Centro de Salud Familiar (CESFAM),Centro de Salud Familiar San José de Chuchunco,Servicio de Salud,13106,Estación Central,Vigente en Operación Habitual
111307,111307,Metropolitano Central,Servicio de Salud,Cerrillos,CESFAM Enfermera Sofía Pincheira,3201,,11,Servicio de Salud Metropolitano Central,Centro de Salud Familiar (CESFAM),Centro de Salud Familiar Enfermera Sofía Pincheira,Servicio de Salud,13102,Cerrillos,Vigente en Operación Habitual
111308,111308,Metropolitano Central,Servicio de Salud,Maipú,CESFAM Dr. José Eduardo Ahués Salame,4616,,11,Servicio de Salud Metropolitano Central,Centro de Salud Familiar (CESFAM),Centro de Salud Familiar Dr. José Eduardo Ahués Salame,Servicio de Salud,13119,Maipú,Vigente en Operación Habitual
111309,111309,Metropolitano Central,Servicio de Salud,Maipú,CESFAM Dra. Ana María Juricic,3806,,11,Servicio de Salud Metropolitano Central,Centro de Salud Familiar (CESFAM),Centro de Salud Familiar Dra. Ana María Juricic,Servicio de Salud,13119,Maipú,Vigente en Operación Habitual
111310,111310,Metropolitano Central,Servicio de Salud,Estación Central,CESFAM Las Mercedes,5053,,11,Servicio de Salud Metropolitano Central,Centro de Salud Familiar (CESFAM),Centro de Salud Familiar Las Mercedes,Servicio de Salud,13106,Estación Central,Vigente en Operación Habitual
111351,111351,Metropolitano Central,Servicio de Salud,Maipú,Centro De Referencia De Salud De Maipú,47,,11,Servicio de Salud Metropolitano Central,Centro de Referencia de Salud (CRS),Centro de Referencia de Salud de Maipú,Servicio de Salud,13119,Maipú,Vigente en Operación Habitual
111370,111370,Metropolitano Central,Municipal ,Santiago,Consultorio Padre Orellana,6127,,11,Servicio de Salud Metropolitano Central,Centro de Salud Familiar (CESFAM),Centro de Salud Familiar Padre Orellana,Municipal,13101,Santiago,Vigente en Operación Habitual
111372,111372,Metropolitano Central,Municipal ,Santiago,Centro De Salud Familiar Arauco ,2658,,11,Servicio de Salud Metropolitano Central,Centro de Salud Familiar (CESFAM),Centro de Salud Familiar Arauco,Municipal,13101,Santiago,Vigente en Operación Habitual
111376,111376,Metropolitano Central,Municipal ,Santiago,Cesfam Matta Sur,4349,,11,Servicio de Salud Metropolitano Central,Centro de Salud Familiar (CESFAM),Centro de Salud Familiar Matta Sur,Municipal,13101,Santiago,Vigente en Operación Habitual
111378,111378,Metropolitano Central,Municipal ,Maipú,Centro De Salud Familiar Dr. Iván Insunza,5195,,11,Servicio de Salud Metropolitano Central,Centro de Salud Familiar (CESFAM),Centro de Salud Familiar Dr. Iván Insunza,Municipal,13119,Maipú,Vigente en Operación Habitual
111379,111379,Metropolitano Central,Municipal ,Maipú,Centro De Salud Familiar Clotario Blest,6263,,11,Servicio de Salud Metropolitano Central,Centro de Salud Familiar (CESFAM),Centro de Salud Familiar Clotario Blest,Municipal,13119,Maipú,Vigente en Operación Habitual
111380,111380,Metropolitano Central,Municipal ,Maipú,Centro De Salud Familiar Dr. Carlos Godoy,6324,,11,Servicio de Salud Metropolitano Central,Centro de Salud Familiar (CESFAM),Centro de Salud Familiar Dr. Carlos Godoy,Municipal,13119,Maipú,Vigente en Operación Habitual
111381,111381,Metropolitano Central,Municipal ,Santiago,Centro De Salud Familiar Ignacio Domeyko,9829,,11,Servicio de Salud Metropolitano Central,Centro de Salud Familiar (CESFAM),Centro de Salud Familiar Ignacio Domeyko,Municipal,13101,Santiago,Vigente en Operación Habitual
111382,111382,Metropolitano Central,Municipal ,Maipú,Centro De Salud Familiar Presidenta Michelle Bachelet,7215,,11,Servicio de Salud Metropolitano Central,Centro de Salud Familiar (CESFAM),Centro de Salud Familiar Presidenta Michelle Bachelet,Municipal,13119,Maipú,Vigente en Operación Habitual
111383,111383,Metropolitano Central,Municipal ,Maipú,Centro De Salud Familiar Dr. Luis Ferrada,5127,,11,Servicio de Salud Metropolitano Central,Centro de Salud Familiar (CESFAM),Centro de Salud Familiar Dr. Luis Ferrada,Municipal,13119,Maipú,Vigente en Operación Habitual
111400,111400,Metropolitano Central,Servicio de Salud,Maipú,Posta De Salud Rural Rinconada De Maipú,2,,11,Servicio de Salud Metropolitano Central,Centro Comunitario de Salud Familiar (CECOSF),Centro Comunitario de Salud Familiar Rinconada de Maipú,Servicio de Salud,13119,Maipú,Vigente en Operación Habitual
111704,111704,Metropolitano Central,Servicio de Salud,Maipú,CECOSF Futramapu,20,111304,11,Servicio de Salud Metropolitano Central,Centro Comunitario de Salud Familiar (CECOSF),Centro Comunitario de Salud Familiar Futramapu,Servicio de Salud,13119,Maipú,Vigente en Operación Habitual
111780,111780,Metropolitano Central,Servicio de Salud,Maipú,CECOSF Europa,31,111304,11,Servicio de Salud Metropolitano Central,Centro Comunitario de Salud Familiar (CECOSF),Centro Comunitario de Salud Familiar Europa,Servicio de Salud,13119,Maipú,Vigente en Operación Habitual
111781,111781,Metropolitano Central,Servicio de Salud,Estación Central,CECOSF Villa Francia,6,111306,11,Servicio de Salud Metropolitano Central,Centro Comunitario de Salud Familiar (CECOSF),Centro Comunitario de Salud Familiar Villa Francia,Servicio de Salud,13106,Estación Central,Vigente en Operación Habitual
111782,111782,Metropolitano Central,Municipal ,Maipú,Centro Comunitario De Salud Familiar El Abrazo,120,111379,11,Servicio de Salud Metropolitano Central,Centro Comunitario de Salud Familiar (CECOSF),Centro Comunitario de Salud Familiar El Abrazo,Municipal,13119,Maipú,Cerrado
111783,111783,Metropolitano Central,Municipal ,Maipú,Centro Comunitario De Salud Familiar Lo Errázuriz,457,111379,11,Servicio de Salud Metropolitano Central,Centro Comunitario de Salud Familiar (CECOSF),Centro Comunitario de Salud Familiar Lo Errázuriz,Municipal,13119,Maipú,Vigente en Operación Habitual
111784,111784,Metropolitano Central,Municipal ,Maipú,Centro Comunitario De Salud Familiar Bueras,175,111378,11,Servicio de Salud Metropolitano Central,Centro Comunitario de Salud Familiar (CECOSF),Centro Comunitario de Salud Familiar Bueras,Municipal,13119,Maipú,Vigente en Operación Habitual
112301,112301,Metropolitano Oriente,Municipal ,Providencia,Centro De Salud Familiar Dr. Hernán Alessandri,4852,,12,Servicio de Salud Metropolitano Oriente,Centro de Salud Familiar (CESFAM),Centro de Salud Familiar Dr. Hernán Alessandri,Municipal,13123,Providencia,Vigente en Operación Habitual
112302,112302,Metropolitano Oriente,Municipal ,Providencia,Centro De Salud Familiar Dr. Alfonso Leng,3035,,12,Servicio de Salud Metropolitano Oriente,Centro de Salud Familiar (CESFAM),Centro de Salud Familiar Dr. Alfonso Leng,Municipal,13123,Providencia,Vigente en Operación Habitual
112303,112303,Metropolitano Oriente,Municipal ,Providencia,Centro De Salud Familiar Aguilucho,4361,,12,Servicio de Salud Metropolitano Oriente,Centro de Salud Familiar (CESFAM),Centro de Salud Familiar Aguilucho,Municipal,13123,Providencia,Vigente en Operación Habitual
112304,112304,Metropolitano Oriente,Municipal ,Las Condes,Centro De Salud Familiar Apoquindo,7066,,12,Servicio de Salud Metropolitano Oriente,Centro de Salud Familiar (CESFAM),Centro de Salud Familiar Apoquindo,Municipal,13114,Las Condes,Vigente en Operación Habitual
112306,112306,Metropolitano Oriente,Municipal ,Las Condes,Centro De Salud Familiar Aníbal Ariztía,9659,,12,Servicio de Salud Metropolitano Oriente,Centro de Salud Familiar (CESFAM),Centro de Salud Familiar Aníbal Ariztía,Municipal,13114,Las Condes,Vigente en Operación Habitual
112307,112307,Metropolitano Oriente,Municipal ,Lo Barnechea,Centro De Salud Familiar Lo Barnechea,8797,,12,Servicio de Salud Metropolitano Oriente,Centro de Salud Familiar (CESFAM),Centro de Salud Familiar Lo Barnechea,Municipal,13115,Lo Barnechea,Vigente en Operación Habitual
112309,112309,Metropolitano Oriente,Municipal ,Vitacura,Centro De Salud Familiar Vitacura,5764,,12,Servicio de Salud Metropolitano Oriente,Centro de Salud Familiar (CESFAM),Centro de Salud Familiar Vitacura,Municipal,13132,Vitacura,Vigente en Operación Habitual
112310,112310,Metropolitano Oriente,Municipal ,Ñuñoa,Centro De Salud Familiar Rosita Renard,6815,,12,Servicio de Salud Metropolitano Oriente,Centro de Salud Familiar (CESFAM),Centro de Salud Familiar Rosita Renard,Municipal,13120,Ñuñoa,Vigente en Operación Habitual
112311,112311,Metropolitano Oriente,Municipal ,Ñuñoa,Centro De Salud Familiar Salvador Bustos,8034,,12,Servicio de Salud Metropolitano Oriente,Centro de Salud Familiar (CESFAM),Centro de Salud Familiar Salvador Bustos,Municipal,13120,Ñuñoa,Vigente en Operación Habitual
112312,112312,Metropolitano Oriente,Municipal ,Macul,Centro De Salud Familiar Félix De Amesti,6145,,12,Servicio de Salud Metropolitano Oriente,Centro de Salud Familiar (CESFAM),Centro de Salud Familiar Félix de Amesti,Municipal,13118,Macul,Vigente en Operación Habitual
112313,112313,Metropolitano Oriente,Municipal ,Macul,Centro De Salud Familiar Santa Julia,6086,,12,Servicio de Salud Metropolitano Oriente,Centro de Salud Familiar (CESFAM),Centro de Salud Familiar Santa Julia,Municipal,13118,Macul,Vigente en Operación Habitual
112314,112314,Metropolitano Oriente,Municipal ,Peñalolén,Centro De Salud Familiar La Faena,4826,,12,Servicio de Salud Metropolitano Oriente,Centro de Salud Familiar (CESFAM),Centro de Salud Familiar La Faena,Municipal,13122,Peñalolén,Vigente en Operación Habitual
112315,112315,Metropolitano Oriente,Municipal ,Peñalolén,Centro De Salud Familiar San Luis,2872,,12,Servicio de Salud Metropolitano Oriente,Centro de Salud Familiar (CESFAM),Centro de Salud Familiar San Luis,Municipal,13122,Peñalolén,Vigente en Operación Habitual
112316,112316,Metropolitano Oriente,Municipal ,Peñalolén,Centro De Salud Familiar Carol Urzúa Ibáñez De Peñalolén,6232,,12,Servicio de Salud Metropolitano Oriente,Centro de Salud Familiar (CESFAM),Centro de Salud Familiar Carol Urzúa Ibáñez,Municipal,13122,Peñalolén,Vigente en Operación Habitual
112317,112317,Metropolitano Oriente,Municipal ,La Reina,Centro De Salud Familiar La Reina,2043,,12,Servicio de Salud Metropolitano Oriente,Centro de Salud Familiar (CESFAM),Centro de Salud Familiar Ossandon,Municipal,13113,La Reina,Vigente en Operación Habitual
112318,112318,Metropolitano Oriente,Municipal ,Peñalolén,Centro De Salud Familiar Lo Hermida,3478,,12,Servicio de Salud Metropolitano Oriente,Centro de Salud Familiar (CESFAM),Centro de Salud Familiar Lo Hermida,Municipal,13122,Peñalolén,Vigente en Operación Habitual
112319,112319,Metropolitano Oriente,Municipal ,Macul,Centro De Salud Familiar Padre Alberto Hurtado,5004,,12,Servicio de Salud Metropolitano Oriente,Centro de Salud Familiar (CESFAM),Centro de Salud Familiar Padre Alberto Hurtado,Municipal,13118,Macul,Vigente en Operación Habitual
112320,112320,Metropolitano Oriente,Municipal ,La Reina,Centro De Salud Familiar Juan Pablo Ii,2347,,12,Servicio de Salud Metropolitano Oriente,Centro de Salud Familiar (CESFAM),Centro de Salud Familiar Juan Pablo II ( La Reina),Municipal,13113,La Reina,Vigente en Operación Habitual
112321,112321,Metropolitano Oriente,Municipal ,Peñalolén,Centro De Salud Familiar Cardenal Silva Henríquez,2874,,12,Servicio de Salud Metropolitano Oriente,Centro de Salud Familiar (CESFAM),Centro de Salud Familiar Cardenal Silva Henríquez,Municipal,13122,Peñalolén,Vigente en Operación Habitual
112322,112322,Metropolitano Oriente,Municipal ,Peñalolén,Centro De Salud Familiar Padre Gerardo Whelan,2654,,12,Servicio de Salud Metropolitano Oriente,Centro de Salud Familiar (CESFAM),Centro de Salud Familiar Padre Gerardo Whelan,Municipal,13122,Peñalolén,Vigente en Operación Habitual
112323,112323,Metropolitano Oriente,Municipal ,Macul,Centro Odontológico Macul,3,,12,Servicio de Salud Metropolitano Oriente,Clínica Dental,Centro Odontológico Macul,Municipal,13118,Macul,Vigente en Operación Habitual
112407,112407,Metropolitano Oriente,Municipal ,Lo Barnechea,Posta De Farellones,1,,12,Servicio de Salud Metropolitano Oriente,Posta de Salud Rural (PSR),Posta de Salud Rural de Farellones,Municipal,13115,Lo Barnechea,Vigente en Operación Habitual
112707,112707,Metropolitano Oriente,Municipal ,Lo Barnechea,Centro Comunitario De Salud Familiar Lo Barnechea,305,112307,12,Servicio de Salud Metropolitano Oriente,Centro Comunitario de Salud Familiar (CECOSF),Centro Comunitario de Salud Familiar Cerro 18,Municipal,13115,Lo Barnechea,Vigente en Operación Habitual
112716,112716,Metropolitano Oriente,Municipal ,Peñalolén,Centro Comunitario De Salud Familiar General Carol Urzúa Ibáñez,40,112316,12,Servicio de Salud Metropolitano Oriente,Centro Comunitario de Salud Familiar (CECOSF),Centro Comunitario de Salud Familiar Esperanza Andina,Municipal,13122,Peñalolén,Vigente en Operación Habitual
112717,112717,Metropolitano Oriente,Municipal ,La Reina,Centro Comunitario De Salud Familiar Dragones De La Reina,2494,112317,12,Servicio de Salud Metropolitano Oriente,Centro Comunitario de Salud Familiar (CECOSF),Centro Comunitario de Salud Familiar Dragones de La Reina,Municipal,13113,La Reina,Vigente en Operación Habitual
112799,112799,Metropolitano Oriente,Municipal ,Lo Barnechea,Centro Comunitario De Salud Familiar Bicentenario,1,112307,12,Servicio de Salud Metropolitano Oriente,Centro Comunitario de Salud Familiar (CECOSF),Centro Comunitario de Salud Familiar Bicentenario,Municipal,13115,Lo Barnechea,Vigente en Operación Habitual
113181,113181,Metropolitano Sur,Servicio de Salud,San Bernardo,Centro De Referencia De Salud El Pino,3,113180,13,Servicio de Salud Metropolitano Sur,Centro de Referencia de Salud (CRS),Centro de Referencia de Salud El Pino,Servicio de Salud,13401,San Bernardo,Cerrado
113300,113300,Metropolitano Sur,Municipal ,San Miguel,Centro De Salud Familiar Barros Luco,7181,,13,Servicio de Salud Metropolitano Sur,Centro de Salud Familiar (CESFAM),Centro de Salud Familiar Barros Luco,Municipal,13130,San Miguel,Vigente en Operación Habitual
113301,113301,Metropolitano Sur,Municipal ,San Joaquín,Centro De Salud Familiar San Joaquín,2750,,13,Servicio de Salud Metropolitano Sur,Centro de Salud Familiar (CESFAM),Centro de Salud Familiar San Joaquín,Municipal,13129,San Joaquín,Vigente en Operación Habitual
113302,113302,Metropolitano Sur,Municipal ,San Miguel,Centro De Salud Familiar Recreo,5088,,13,Servicio de Salud Metropolitano Sur,Centro de Salud Familiar (CESFAM),Centro de Salud Familiar Recreo,Municipal,13130,San Miguel,Vigente en Operación Habitual
113303,113303,Metropolitano Sur,Municipal ,Pedro Aguirre Cerda,Centro De Salud Familiar Amador Neghme,4637,,13,Servicio de Salud Metropolitano Sur,Centro de Salud Familiar (CESFAM),Centro de Salud Familiar Amador Neghme,Municipal,13121,Pedro Aguirre Cerda,Vigente en Operación Habitual
113304,113304,Metropolitano Sur,Municipal ,Pedro Aguirre Cerda,Consultorio Villa Sur,69,,13,Servicio de Salud Metropolitano Sur,Centro de Salud Familiar (CESFAM),Centro de Salud Familiar Villa Sur,Municipal,13121,Pedro Aguirre Cerda,Vigente en Operación Habitual
113305,113305,Metropolitano Sur,Municipal ,San Joaquín,Centro De Salud Familiar Arturo Baeza Goñi,2015,,13,Servicio de Salud Metropolitano Sur,Centro de Salud Familiar (CESFAM),Centro de Salud Familiar Arturo Baeza Goñi,Municipal,13129,San Joaquín,Vigente en Operación Habitual
113306,113306,Metropolitano Sur,Municipal ,Pedro Aguirre Cerda,Centro De Salud Familiar Padre Pierre Dubois,3525,,13,Servicio de Salud Metropolitano Sur,Centro de Salud Familiar (CESFAM),Centro de Salud Familiar Padre Pierre Dubois (Ex La Feria),Municipal,13121,Pedro Aguirre Cerda,Vigente en Operación Habitual
113307,113307,Metropolitano Sur,Municipal ,La Granja,Centro De Salud Familiar Padre Esteban Gumucio,3802,,14,Servicio de Salud Metropolitano Sur Oriente,Centro de Salud Familiar (CESFAM),Centro de Salud Familiar Padre Esteban Gumucio Vives,Municipal,13111,La Granja,Vigente en Operación Habitual
113308,113308,Metropolitano Sur,Municipal ,Lo Espejo,Centro De Salud Familiar Clara Estrella,3352,,13,Servicio de Salud Metropolitano Sur,Centro de Salud Familiar (CESFAM),Centro de Salud Familiar Clara Estrella,Municipal,13116,Lo Espejo,Vigente en Operación Habitual
113309,113309,Metropolitano Sur,Municipal ,Lo Espejo,Centro De Salud Familiar Julio Acuña Pinzón,3452,,13,Servicio de Salud Metropolitano Sur,Centro de Salud Familiar (CESFAM),Centro de Salud Familiar Julio Acuña Pinzón,Municipal,13116,Lo Espejo,Vigente en Operación Habitual
113310,113310,Metropolitano Sur,Municipal ,Lo Espejo,Centro De Salud Familiar Mariela Salgado,3512,,13,Servicio de Salud Metropolitano Sur,Centro de Salud Familiar (CESFAM),Centro de Salud Familiar Dra. Mariela Salgado Zepeda,Municipal,13116,Lo Espejo,Vigente en Operación Habitual
113311,113311,Metropolitano Sur,Municipal ,La Cisterna,Centro De Salud Familiar Santa Anselma,5294,,13,Servicio de Salud Metropolitano Sur,Centro de Salud Familiar (CESFAM),Centro de Salud Familiar Santa Anselma,Municipal,13109,La Cisterna,Vigente en Operación Habitual
113312,113312,Metropolitano Sur,Municipal ,El Bosque,Centro De Salud Familiar Dr. Carlos Lorca,4294,,13,Servicio de Salud Metropolitano Sur,Centro de Salud Familiar (CESFAM),Centro de Salud Familiar Dr. Carlos Lorca Tobar,Municipal,13105,El Bosque,Vigente en Operación Habitual
113313,113313,Metropolitano Sur,Municipal ,San Bernardo,Centro De Salud Familiar Raúl Cuevas (Ex-San Bernardo),5444,,13,Servicio de Salud Metropolitano Sur,Centro de Salud Familiar (CESFAM),Centro de Salud Familiar Raúl Cuevas (Ex-San Bernardo),Municipal,13401,San Bernardo,Vigente en Operación Habitual
113314,113314,Metropolitano Sur,Municipal ,El Bosque,Centro De Salud Familiar Cóndores De Chile,3923,,13,Servicio de Salud Metropolitano Sur,Centro de Salud Familiar (CESFAM),Centro de Salud Familiar Cóndores de Chile,Municipal,13105,El Bosque,Vigente en Operación Habitual
113315,113315,Metropolitano Sur,Municipal ,San Bernardo,Centro De Salud Familiar Confraternidad,2837,,13,Servicio de Salud Metropolitano Sur,Centro de Salud Familiar (CESFAM),Centro de Salud Familiar Confraternidad,Municipal,13401,San Bernardo,Vigente en Operación Habitual
113316,113316,Metropolitano Sur,Municipal ,San Bernardo,Centro De Salud Familiar Carol Urzúa De San Bernardo,4781,,13,Servicio de Salud Metropolitano Sur,Centro de Salud Familiar (CESFAM),Centro de Salud Familiar Carol Urzúa,Municipal,13401,San Bernardo,Vigente en Operación Habitual
113317,113317,Metropolitano Sur,Municipal ,El Bosque,Centro De Salud Familiar Santa Laura,3261,,13,Servicio de Salud Metropolitano Sur,Centro de Salud Familiar (CESFAM),Centro de Salud Familiar Santa Laura,Municipal,13105,El Bosque,Vigente en Operación Habitual
113318,113318,Metropolitano Sur,Municipal ,Paine,Centro De Salud Familiar Dr. Miguel Ángel Solar (Ex Cesfam Paine),4468,,13,Servicio de Salud Metropolitano Sur,Centro de Salud Familiar (CESFAM),Centro de Salud Familiar Dr. Miguel Ángel Solar (ex CESFAM Paine),Municipal,13404,Paine,Vigente en Operación Habitual
113319,113319,Metropolitano Sur,Municipal ,Paine,Centro De Salud Familiar Dr. Raúl Moya,1837,,13,Servicio de Salud Metropolitano Sur,Centro de Salud Familiar (CESFAM),Centro de Salud Familiar Dr. Raúl Moya,Municipal,13404,Paine,Vigente en Operación Habitual
113320,113320,Metropolitano Sur,Municipal ,Buin,Centro De Salud Familiar Maipo,1829,,13,Servicio de Salud Metropolitano Sur,Centro de Salud Familiar (CESFAM),Centro de Salud Familiar Maipo,Municipal,13402,Buin,Vigente en Operación Habitual
113321,113321,Metropolitano Sur,Municipal ,Calera De Tango,Centro De Salud Familiar Calera De Tango,1105,,13,Servicio de Salud Metropolitano Sur,Centro de Salud Familiar (CESFAM),Centro de Salud Familiar Calera de Tango,Municipal,13403,Calera de Tango,Vigente en Operación Habitual
113322,113322,Metropolitano Sur,Municipal ,San Joaquín,Centro De Salud Familiar Santa Teresa De Los Andes,3535,,13,Servicio de Salud Metropolitano Sur,Centro de Salud Familiar (CESFAM),Centro de Salud Familiar Santa Teresa de Los Andes,Municipal,13129,San Joaquín,Vigente en Operación Habitual
113323,113323,Metropolitano Sur,Municipal ,El Bosque,Centro De Salud Familiar Dr. Mario Salcedo,2530,,13,Servicio de Salud Metropolitano Sur,Centro de Salud Familiar (CESFAM),Centro de Salud Familiar Dr. Mario Salcedo,Municipal,13105,El Bosque,Vigente en Operación Habitual
113324,113324,Metropolitano Sur,Municipal ,El Bosque,Centro De Salud Familiar Dra. Haydeé López Casoou,3324,,13,Servicio de Salud Metropolitano Sur,Centro de Salud Familiar (CESFAM),Centro de Salud Familiar Dra. Haydeé López Casoou,Municipal,13105,El Bosque,Vigente en Operación Habitual
113326,113326,Metropolitano Sur,Municipal ,La Cisterna,Centro De Salud Familiar Eduardo Frei Montalva,3990,,13,Servicio de Salud Metropolitano Sur,Centro de Salud Familiar (CESFAM),Centro de Salud Familiar Eduardo Frei Montalva,Municipal,13109,La Cisterna,Vigente en Operación Habitual
113328,113328,Metropolitano Sur,Municipal ,San Bernardo,Centro De Salud Familiar Joan Alsina,5486,,13,Servicio de Salud Metropolitano Sur,Centro de Salud Familiar (CESFAM),Centro de Salud Familiar Padre Joan Alsina,Municipal,13401,San Bernardo,Vigente en Operación Habitual
113329,113329,Metropolitano Sur,Municipal ,El Bosque,Centro De Salud Familiar Orlando Letelier,2895,,13,Servicio de Salud Metropolitano Sur,Centro de Salud Familiar (CESFAM),Centro de Salud Familiar Canciller Orlando Letelier,Municipal,13105,El Bosque,Vigente en Operación Habitual
113330,113330,Metropolitano Sur,Municipal ,San Bernardo,Centro De Salud Familiar Raúl Brañes F.,4294,,13,Servicio de Salud Metropolitano Sur,Centro de Salud Familiar (CESFAM),Centro de Salud Familiar Raúl Brañes F.,Municipal,13401,San Bernardo,Vigente en Operación Habitual
113331,113331,Metropolitano Sur,Municipal ,Pedro Aguirre Cerda,Centro De Salud Familiar Edgardo Enríquez,3828,,13,Servicio de Salud Metropolitano Sur,Centro de Salud Familiar (CESFAM),Centro de Salud Familiar Edgardo Enríquez Fröedden,Municipal,13121,Pedro Aguirre Cerda,Vigente en Operación Habitual
113332,113332,Metropolitano Sur,Municipal ,San Bernardo,Centro De Salud Familiar Juan Pablo Ii,3826,,13,Servicio de Salud Metropolitano Sur,Centro de Salud Familiar (CESFAM),Centro de Salud Familiar Juan Pablo II ( San Bernardo),Municipal,13401,San Bernardo,Vigente en Operación Habitual
113333,113333,Metropolitano Sur,Municipal ,Buin,Centro De Salud Familiar Alto Jahuel,1260,,13,Servicio de Salud Metropolitano Sur,Centro de Salud Familiar (CESFAM),Centro de Salud Familiar Alto Jahuel,Municipal,13402,Buin,Vigente en Operación Habitual
113334,113334,Metropolitano Sur,Municipal ,Calera De Tango,Centro De Salud Familiar Los Bajos De San Agustín,1410,,13,Servicio de Salud Metropolitano Sur,Centro de Salud Familiar (CESFAM),Centro de Salud Familiar Los Bajos de San Agustín,Municipal,13403,Calera de Tango,Vigente en Operación Habitual
113390,113390,Metropolitano Sur,Municipal ,Buin,Centro De Salud Familiar Héctor García,4966,,13,Servicio de Salud Metropolitano Sur,Centro de Salud Familiar (CESFAM),Centro de Salud Familiar Dr. Héctor García,Municipal,13402,Buin,Vigente en Operación Habitual
113394,113394,Metropolitano Sur,Municipal ,San Bernardo,Centro De Salud Familiar El Manzano,2424,,13,Servicio de Salud Metropolitano Sur,Centro de Salud Familiar (CESFAM),Centro de Salud Familiar El Manzano,Municipal,13401,San Bernardo,Vigente en Operación Habitual
113396,113396,Metropolitano Sur,Municipal ,Lo Espejo,Centro De Salud Familiar Pueblo Lo Espejo,2193,,13,Servicio de Salud Metropolitano Sur,Centro de Salud Familiar (CESFAM),Centro de Salud Familiar Pueblo Lo Espejo,Municipal,13116,Lo Espejo,Vigente en Operación Habitual
113402,113402,Metropolitano Sur,Municipal ,Buin,Posta De Salud Rural Linderos,815,113333,13,Servicio de Salud Metropolitano Sur,Centro Comunitario de Salud Familiar (CECOSF),Centro Comunitario de Salud Familiar Dr. Ramón Galindo,Municipal,13402,Buin,Vigente en Operación Habitual
113404,113404,Metropolitano Sur,Municipal ,Buin,Posta De Salud Rural Valdivia De Paine,456,,13,Servicio de Salud Metropolitano Sur,Posta de Salud Rural (PSR),Posta de Salud Rural Valdivia de Paine,Municipal,13402,Buin,Vigente en Operación Habitual
113405,113405,Metropolitano Sur,Municipal ,Buin,Posta De Salud Rural Viluco,628,,13,Servicio de Salud Metropolitano Sur,Posta de Salud Rural (PSR),Posta de Salud Rural Viluco,Municipal,13402,Buin,Vigente en Operación Habitual
113406,113406,Metropolitano Sur,Municipal ,Buin,Posta De Salud Rural El Recurso,179,,13,Servicio de Salud Metropolitano Sur,Posta de Salud Rural (PSR),Posta de Salud Rural El Recurso,Municipal,13402,Buin,Vigente en Operación Habitual
113407,113407,Metropolitano Sur,Municipal ,Buin,Posta De Salud Rural Los Morros,408,,13,Servicio de Salud Metropolitano Sur,Posta de Salud Rural (PSR),Posta de Salud Rural Los Morros,Municipal,13402,Buin,Vigente en Operación Habitual
113408,113408,Metropolitano Sur,Municipal ,Paine,Posta De Salud Rural Pintué,372,,13,Servicio de Salud Metropolitano Sur,Posta de Salud Rural (PSR),Posta de Salud Rural Pintué,Municipal,13404,Paine,Vigente en Operación Habitual
113409,113409,Metropolitano Sur,Municipal ,Paine,Posta De Salud Rural Huelquén,935,,13,Servicio de Salud Metropolitano Sur,Posta de Salud Rural (PSR),Posta de Salud Rural Huelquén,Municipal,13404,Paine,Vigente en Operación Habitual
113410,113410,Metropolitano Sur,Municipal ,Paine,Posta De Salud Rural Rangue,157,,13,Servicio de Salud Metropolitano Sur,Posta de Salud Rural (PSR),Posta de Salud Rural Rangue,Municipal,13404,Paine,Vigente en Operación Habitual
113411,113411,Metropolitano Sur,Municipal ,Paine,Posta De Salud Rural Abrantes,385,,13,Servicio de Salud Metropolitano Sur,Posta de Salud Rural (PSR),Posta de Salud Rural Abrantes,Municipal,13404,Paine,Vigente en Operación Habitual
113412,113412,Metropolitano Sur,Municipal ,Paine,Posta De Salud Rural Chada,247,,13,Servicio de Salud Metropolitano Sur,Posta de Salud Rural (PSR),Posta de Salud Rural Chada,Municipal,13404,Paine,Vigente en Operación Habitual
113413,113413,Metropolitano Sur,Municipal ,Calera De Tango,Posta De Salud Rural Santa Inés,19,,13,Servicio de Salud Metropolitano Sur,Posta de Salud Rural (PSR),Posta de Salud Rural Santa Inés,Municipal,13403,Calera de Tango,Vigente en Operación Habitual
113701,113701,Metropolitano Sur,Municipal ,San Joaquín,Centro Comunitario De Salud Familiar Yalta,905,113301,13,Servicio de Salud Metropolitano Sur,Centro Comunitario de Salud Familiar (CECOSF),Centro Comunitario de Salud Familiar Yalta,Municipal,13129,San Joaquín,Vigente en Operación Habitual
113702,113702,Metropolitano Sur,Municipal ,San Joaquín,Centro Comunitario De Salud Familia Sierra Bella,390,113301,13,Servicio de Salud Metropolitano Sur,Centro Comunitario de Salud Familiar (CECOSF),Centro Comunitario de Salud Familiar Sierra Bella,Municipal,13129,San Joaquín,Vigente en Operación Habitual
113703,113703,Metropolitano Sur,Municipal ,Pedro Aguirre Cerda,Centro Comunitario De Salud Familiar Cooperación,731,111303,13,Servicio de Salud Metropolitano Sur,Centro Comunitario de Salud Familiar (CECOSF),Centro Comunitario de Salud Familiar Dr. Miguel Enríquez Espinosa,Municipal,13121,Pedro Aguirre Cerda,Vigente en Operación Habitual
113713,113713,Metropolitano Sur,Municipal ,San Bernardo,Centro Comunitario De Salud Familiar Cerrillos De Nos,461,113328,13,Servicio de Salud Metropolitano Sur,Centro Comunitario de Salud Familiar (CECOSF),Centro Comunitario de Salud Familiar Ribera del Maipo,Municipal,13401,San Bernardo,Vigente en Operación Habitual
113716,113716,Metropolitano Sur,Municipal ,San Bernardo,Centro Comunitario De Salud Familiar Rapa Nui,819,113316,13,Servicio de Salud Metropolitano Sur,Centro Comunitario de Salud Familiar (CECOSF),Centro Comunitario de Salud Familiar Rapa Nui,Municipal,13401,San Bernardo,Vigente en Operación Habitual
113717,113717,Metropolitano Sur,Municipal ,El Bosque,Centro Comunitario De Salud Familiar Santa Laura,558,113317,13,Servicio de Salud Metropolitano Sur,Centro Comunitario de Salud Familiar (CECOSF),Centro Comunitario de Salud Familiar Santa Laura,Municipal,13105,El Bosque,Vigente en Operación Habitual
113722,113722,Metropolitano Sur,Municipal ,San Joaquín,Centro Comunitario De Salud Familiar Juan Aravena,808,113322,13,Servicio de Salud Metropolitano Sur,Centro Comunitario de Salud Familiar (CECOSF),Centro Comunitario de Salud Familiar Dr. Salvador Allende,Municipal,13129,San Joaquín,Vigente en Operación Habitual
113728,113728,Metropolitano Sur,Municipal ,San Bernardo,Centro Comunitario De Salud Familiar Lo Herrera,710,113313,13,Servicio de Salud Metropolitano Sur,Centro Comunitario de Salud Familiar (CECOSF),Centro Comunitario de Salud Familiar Lo Herrera,Municipal,13401,San Bernardo,Vigente en Operación Habitual
113753,113753,Metropolitano Sur,Municipal ,San Joaquín,Centro Comunitario De Salud Familiar Reverendo Javier Peró,431,113301,13,Servicio de Salud Metropolitano Sur,Centro Comunitario de Salud Familiar (CECOSF),Centro Comunitario de Salud Familiar Reverendo Javier Peró,Municipal,13129,San Joaquín,Vigente en Operación Habitual
113790,113790,Metropolitano Sur,Municipal ,Buin,Centro Comunitario De Salud Familiar Dr. Héctor García,765,113390,13,Servicio de Salud Metropolitano Sur,Centro Comunitario de Salud Familiar (CECOSF),Centro Comunitario de Salud Familiar Dr. Héctor García,Municipal,13402,Buin,Vigente en Operación Habitual
114102,114102,Metropolitano Sur Oriente,Servicio de Salud,San José De Maipo,Hospital San José De Maipo,967,,14,Servicio de Salud Metropolitano Sur Oriente,Hospital,Hospital San José de Maipo,Servicio de Salud,13203,San José de Maipo,Vigente en Operación Habitual
114150,114150,Metropolitano Sur Oriente,Servicio de Salud,La Florida,Centro De Referencia De Salud San Rafael,1,,14,Servicio de Salud Metropolitano Sur Oriente,Hospital de Campaña,Centro de Referencia de Salud San Rafael,Servicio de Salud,13110,La Florida,Cerrado
114301,114301,Metropolitano Sur Oriente,Municipal ,Puente Alto,Consultorio Dr. Alejandro Del Río,13146,,14,Servicio de Salud Metropolitano Sur Oriente,Centro de Salud Familiar (CESFAM),Centro de Salud Familiar Dr. Alejandro del Río,Municipal,13201,Puente Alto,Vigente en Operación Habitual
114302,114302,Metropolitano Sur Oriente,Municipal ,La Florida,Centro De Salud Familiar Los Castaños,3766,,14,Servicio de Salud Metropolitano Sur Oriente,Centro de Salud Familiar (CESFAM),Centro de Salud Familiar Los Castaños,Municipal,13110,La Florida,Vigente en Operación Habitual
114303,114303,Metropolitano Sur Oriente,Municipal ,La Florida,Centro De Salud Familiar Bellavista,7260,,14,Servicio de Salud Metropolitano Sur Oriente,Centro de Salud Familiar (CESFAM),Centro de Salud Familiar Bellavista,Municipal,13110,La Florida,Vigente en Operación Habitual
114304,114304,Metropolitano Sur Oriente,Municipal ,La Florida,Centro De Salud Familiar Villa O'Higgins,4310,,14,Servicio de Salud Metropolitano Sur Oriente,Centro de Salud Familiar (CESFAM),Centro de Salud Familiar Villa O'Higgins,Municipal,13110,La Florida,Vigente en Operación Habitual
114305,114305,Metropolitano Sur Oriente,Municipal ,La Florida,Centro De Salud Familiar Los Quillayes,5572,,14,Servicio de Salud Metropolitano Sur Oriente,Centro de Salud Familiar (CESFAM),Centro de Salud Familiar Los Quillayes,Municipal,13110,La Florida,Vigente en Operación Habitual
114306,114306,Metropolitano Sur Oriente,Municipal ,La Granja,Centro De Salud Familiar La Granja,6504,,14,Servicio de Salud Metropolitano Sur Oriente,Centro de Salud Familiar (CESFAM),Centro de Salud Familiar La Granja,Municipal,13111,La Granja,Vigente en Operación Habitual
114307,114307,Metropolitano Sur Oriente,Municipal ,San Ramón,Centro De Salud Familiar La Bandera,2826,,14,Servicio de Salud Metropolitano Sur Oriente,Centro de Salud Familiar (CESFAM),Centro de Salud Familiar La Bandera,Municipal,13131,San Ramón,Vigente en Operación Habitual
114308,114308,Metropolitano Sur Oriente,Municipal ,La Pintana,Centro De Salud Familiar San Rafael (La Pintana),3185,,14,Servicio de Salud Metropolitano Sur Oriente,Centro de Salud Familiar (CESFAM),Centro de Salud Familiar San Rafael,Municipal,13112,La Pintana,Vigente en Operación Habitual
114309,114309,Metropolitano Sur Oriente,Municipal ,La Pintana,Centro De Salud Familiar Pablo De Rokha,3358,,14,Servicio de Salud Metropolitano Sur Oriente,Centro de Salud Familiar (CESFAM),Centro de Salud Familiar Pablo de Rokha,Municipal,13112,La Pintana,Vigente en Operación Habitual
114310,114310,Metropolitano Sur Oriente,Municipal ,Pirque,Centro De Salud Familiar Dr. José Manuel Balmaceda,1550,,14,Servicio de Salud Metropolitano Sur Oriente,Centro de Salud Familiar (CESFAM),Centro de Salud Familiar Dr. José Manuel Balmaceda,Municipal,13202,Pirque,Vigente en Operación Habitual
114311,114311,Metropolitano Sur Oriente,Municipal ,La Pintana,Centro De Salud Familiar Santiago De Nueva Extremadura,2461,,14,Servicio de Salud Metropolitano Sur Oriente,Centro de Salud Familiar (CESFAM),Centro de Salud Familiar Santiago de Nueva Extremadura,Municipal,13112,La Pintana,Vigente en Operación Habitual
114312,114312,Metropolitano Sur Oriente,Municipal ,Puente Alto,Centro De Salud Familiar San Gerónimo,6425,,14,Servicio de Salud Metropolitano Sur Oriente,Centro de Salud Familiar (CESFAM),Centro de Salud Familiar San Gerónimo,Municipal,13201,Puente Alto,Vigente en Operación Habitual
114313,114313,Metropolitano Sur Oriente,Municipal ,Puente Alto,Centro De Salud Familiar Vista Hermosa,2022,,14,Servicio de Salud Metropolitano Sur Oriente,Centro de Salud Familiar (CESFAM),Centro de Salud Familiar Vista Hermosa,Municipal,13201,Puente Alto,Vigente en Operación Habitual
114314,114314,Metropolitano Sur Oriente,Municipal ,San Ramón,Consultorio San Ramón,3343,,14,Servicio de Salud Metropolitano Sur Oriente,Centro de Salud Familiar (CESFAM),Centro de Salud Familiar Dr. Salvador Allende (Ex Consultorio San Ramón),Municipal,13131,San Ramón,Vigente en Operación Habitual
114315,114315,Metropolitano Sur Oriente,Municipal ,La Granja,Centro De Salud Familiar Malaquías Concha,2259,,14,Servicio de Salud Metropolitano Sur Oriente,Centro de Salud Familiar (CESFAM),Centro de Salud Familiar Malaquías Concha,Municipal,13111,La Granja,Vigente en Operación Habitual
114316,114316,Metropolitano Sur Oriente,Municipal ,La Florida,Centro De Salud Familiar Dr. Fernando Maffioletti,6065,,14,Servicio de Salud Metropolitano Sur Oriente,Centro de Salud Familiar (CESFAM),Centro de Salud Familiar Dr. Fernando Maffioletti,Municipal,13110,La Florida,Vigente en Operación Habitual
114317,114317,Metropolitano Sur Oriente,Municipal ,La Pintana,Centro De Salud Familiar Santo Tomás,2787,,14,Servicio de Salud Metropolitano Sur Oriente,Centro de Salud Familiar (CESFAM),Centro de Salud Familiar Santo Tomás,Municipal,13112,La Pintana,Vigente en Operación Habitual
114318,114318,Metropolitano Sur Oriente,Municipal ,La Pintana,Centro De Salud Familiar Flor Fernández,1246,,14,Servicio de Salud Metropolitano Sur Oriente,Centro de Salud Familiar (CESFAM),Centro de Salud Familiar Flor Fernández,Municipal,13112,La Pintana,Vigente en Operación Habitual
114319,114319,Metropolitano Sur Oriente,Municipal ,La Pintana,Centro De Salud Familiar El Roble,3893,,14,Servicio de Salud Metropolitano Sur Oriente,Centro de Salud Familiar (CESFAM),Centro de Salud Familiar El Roble,Municipal,13112,La Pintana,Vigente en Operación Habitual
114320,114320,Metropolitano Sur Oriente,Municipal ,Puente Alto,Centro De Salud Familiar Bernardo Leighton,6426,,14,Servicio de Salud Metropolitano Sur Oriente,Centro de Salud Familiar (CESFAM),Centro de Salud Familiar Bernardo Leighton,Municipal,13201,Puente Alto,Vigente en Operación Habitual
114321,114321,Metropolitano Sur Oriente,Municipal ,Puente Alto,Centro De Salud Familiar Cardenal Silva Henríquez De Puente Alto,4704,,14,Servicio de Salud Metropolitano Sur Oriente,Centro de Salud Familiar (CESFAM),Centro de Salud Familiar Cardenal Silva Henríquez,Municipal,13201,Puente Alto,Vigente en Operación Habitual
114322,114322,Metropolitano Sur Oriente,Municipal ,Puente Alto,Centro De Salud Familiar Padre Manuel Villaseca,12316,,14,Servicio de Salud Metropolitano Sur Oriente,Centro de Salud Familiar (CESFAM),Centro de Salud Familiar Padre Manuel Villaseca,Municipal,13201,Puente Alto,Vigente en Operación Habitual
114323,114323,Metropolitano Sur Oriente,Otra Institución,Puente Alto,Centro De Salud Familiar Madre Teresa De Calcuta (Organizaciones Sin Fines De Lucro Y Ong),2881,,14,Servicio de Salud Metropolitano Sur Oriente,Centro de Salud Familiar (CESFAM),Centro de Salud Familiar Madre Teresa de Calcuta Red de Salud UC CHRISTUS,Delegado,13201,Puente Alto,Vigente en Operación Habitual
114324,114324,Metropolitano Sur Oriente,Municipal ,La Florida,Centro De Salud Familiar Santa Amalia,6521,,14,Servicio de Salud Metropolitano Sur Oriente,Centro de Salud Familiar (CESFAM),Centro de Salud Familiar Santa Amalia,Municipal,13110,La Florida,Vigente en Operación Habitual
114325,114325,Metropolitano Sur Oriente,Municipal ,La Granja,Centro De Salud Familiar Granja Sur,5282,,14,Servicio de Salud Metropolitano Sur Oriente,Centro de Salud Familiar (CESFAM),Centro de Salud Familiar Granja Sur,Municipal,13111,La Granja,Vigente en Operación Habitual
114326,114326,Metropolitano Sur Oriente,Municipal ,Puente Alto,Centro De Salud Familiar Karol Wojtyla,3560,,14,Servicio de Salud Metropolitano Sur Oriente,Centro de Salud Familiar (CESFAM),Centro de Salud Familiar Karol Wojtyla,Municipal,13201,Puente Alto,Vigente en Operación Habitual
114327,114327,Metropolitano Sur Oriente,Otra Institución,La Pintana,Centro De Salud Familiar Juan Pablo Ii,1621,,14,Servicio de Salud Metropolitano Sur Oriente,Centro de Salud Familiar (CESFAM),Centro de Salud Familiar Juan Pablo II Red de Salud UC CHRISTUS,Delegado,13112,La Pintana,Vigente en Operación Habitual
114328,114328,Metropolitano Sur Oriente,Municipal ,San Ramón,Centro De Salud Familiar Poetisa Gabriela Mistral,3355,,14,Servicio de Salud Metropolitano Sur Oriente,Centro de Salud Familiar (CESFAM),Centro de Salud Familiar Poetisa Gabriela Mistral,Municipal,13131,San Ramón,Vigente en Operación Habitual
114329,114329,Metropolitano Sur Oriente,Otra Institución,Puente Alto,Centro De Salud Familiar San Alberto Hurtado,3279,,14,Servicio de Salud Metropolitano Sur Oriente,Centro de Salud Familiar (CESFAM),Centro de Salud Familiar San Alberto Hurtado Red de Salud UC CHRISTUS,Delegado,13201,Puente Alto,Vigente en Operación Habitual
114330,114330,Metropolitano Sur Oriente,Municipal ,La Florida,Centro De Salud Familiar Trinidad,3273,,14,Servicio de Salud Metropolitano Sur Oriente,Centro de Salud Familiar (CESFAM),Centro de Salud Familiar Trinidad,Municipal,13110,La Florida,Vigente en Operación Habitual
114331,114331,Metropolitano Sur Oriente,Municipal ,La Florida,Centro De Salud Familiar La Florida,6256,,14,Servicio de Salud Metropolitano Sur Oriente,Centro de Salud Familiar (CESFAM),Centro de Salud Familiar La Florida,Municipal,13110,La Florida,Vigente en Operación Habitual
114332,114332,Metropolitano Sur Oriente,Municipal ,Puente Alto,Centro De Salud Familiar Laurita Vicuña,5078,,14,Servicio de Salud Metropolitano Sur Oriente,Centro de Salud Familiar (CESFAM),Centro de Salud Familiar Laurita Vicuña,Municipal,13201,Puente Alto,Vigente en Operación Habitual
114333,114333,Metropolitano Sur Oriente,Municipal ,Pirque,Centro De Salud Rural El Principal,1417,,14,Servicio de Salud Metropolitano Sur Oriente,Consultorio General Rural (CGR),Centro de Salud Rural El Principal,Municipal,13202,Pirque,Vigente en Operación Habitual
114334,114334,Metropolitano Sur Oriente,Municipal ,La Florida,Centro De Salud Familiar José Alvo,4414,,14,Servicio de Salud Metropolitano Sur Oriente,Centro de Salud Familiar (CESFAM),Centro de Salud Familiar José Alvo,Municipal,13110,La Florida,Vigente en Operación Habitual
114401,114401,Metropolitano Sur Oriente,Municipal ,Pirque,Posta De Salud Rural Puntilla,201,,14,Servicio de Salud Metropolitano Sur Oriente,Posta de Salud Rural (PSR),Posta de Salud Rural Puntilla,Municipal,13202,Pirque,Vigente en Operación Habitual
114403,114403,Metropolitano Sur Oriente,Municipal ,Pirque,Posta De Salud Rural Santa Rita,37,,14,Servicio de Salud Metropolitano Sur Oriente,Posta de Salud Rural (PSR),Posta de Salud Rural Santa Rita,Municipal,13202,Pirque,Vigente en Operación Habitual
114406,114406,Metropolitano Sur Oriente,Municipal ,Pirque,Posta De Salud Rural San Vicente,90,,14,Servicio de Salud Metropolitano Sur Oriente,Posta de Salud Rural (PSR),Posta de Salud Rural San Vicente,Municipal,13202,Pirque,Vigente en Operación Habitual
114407,114407,Metropolitano Sur Oriente,Municipal ,San José De Maipo,Posta De Salud Rural Las Vertientes,339,,14,Servicio de Salud Metropolitano Sur Oriente,Posta de Salud Rural (PSR),Posta de Salud Rural Las Vertientes,Municipal,13203,San José de Maipo,Vigente en Operación Habitual
114408,114408,Metropolitano Sur Oriente,Municipal ,San José De Maipo,Posta De Salud Rural El Volcán,1,,14,Servicio de Salud Metropolitano Sur Oriente,Posta de Salud Rural (PSR),Posta de Salud Rural El Volcán,Municipal,13203,San José de Maipo,Vigente en Operación Habitual
114409,114409,Metropolitano Sur Oriente,Municipal ,La Florida,Posta De Salud Rural Las Perdices,3,,14,Servicio de Salud Metropolitano Sur Oriente,Posta de Salud Rural (PSR),Posta de Salud Rural Las Perdices,Municipal,13110,La Florida,Vigente en Operación Habitual
114410,114410,Metropolitano Sur Oriente,Municipal ,San José De Maipo,Posta De Salud Rural San Gabriel,45,,14,Servicio de Salud Metropolitano Sur Oriente,Posta de Salud Rural (PSR),Posta de Salud Rural San Gabriel,Municipal,13203,San José de Maipo,Vigente en Operación Habitual
114706,114706,Metropolitano Sur Oriente,Municipal ,La Granja,Centro Comunitario De Salud Familiar Millalemu,14,114306,14,Servicio de Salud Metropolitano Sur Oriente,Centro Comunitario de Salud Familiar (CECOSF),Centro Comunitario de Salud Familiar Millalemu,Municipal,13111,La Granja,Vigente en Operación Habitual
114714,114714,Metropolitano Sur Oriente,Municipal ,San Ramón,Centro Comunitario De Salud Familiar Modelo,704,114314,14,Servicio de Salud Metropolitano Sur Oriente,Centro Comunitario de Salud Familiar (CECOSF),Centro Comunitario de Salud Familiar Modelo,Municipal,13131,San Ramón,Vigente en Operación Habitual
114796,114796,Metropolitano Sur Oriente,Municipal ,La Granja,Centro Comunitario De Salud Familiar San Gregorio,17,114306,14,Servicio de Salud Metropolitano Sur Oriente,Centro Comunitario de Salud Familiar (CECOSF),Centro Comunitario de Salud Familiar San Gregorio,Municipal,13111,La Granja,Vigente en Operación Habitual
200037,200037,Metropolitano Oriente,Municipal ,Providencia,Centro Comunitario De Salud Familiar Elena Caffarena,7,112301,12,Servicio de Salud Metropolitano Oriente,Centro Comunitario de Salud Familiar (CECOSF),Centro Comunitario de Salud Familiar Elena Caffarena,Municipal,13123,Providencia,Vigente en Operación Habitual
200080,200080,Metropolitano Oriente,Municipal ,La Reina,Centro Odontológico La Reina,9,,12,Servicio de Salud Metropolitano Oriente,Clínica Dental,Centro Odontológico La Reina,Municipal,13113,La Reina,Vigente en Operación Habitual
200188,200188,Metropolitano Oriente,Municipal ,Providencia,Centro De Especialidades Odontológicas Leng,2,,12,Servicio de Salud Metropolitano Oriente,Clínica Dental,Centro de Especialidades Odontológicas Leng,Municipal,13123,Providencia,Vigente en Operación Habitual
200210,200210,Metropolitano Sur,Municipal ,San Joaquín,Centro Comunitario De Salud Familiar Coñimo,973,113322,13,Servicio de Salud Metropolitano Sur,Centro Comunitario de Salud Familiar (CECOSF),Centro Comunitario de Salud Familiar Coñimo,Municipal,13129,San Joaquín,Vigente en Operación Habitual
200236,200236,Metropolitano Oriente,Municipal ,Ñuñoa,Centro Comunitario De Salud Familiar Villa Olímpica,9,112010,12,Servicio de Salud Metropolitano Oriente,Centro Comunitario de Salud Familiar (CECOSF),Centro Comunitario de Salud Familiar Villa Olímpica,Municipal,13120,Ñuñoa,Vigente en Operación Habitual
200265,200265,Metropolitano Oriente,Municipal ,Providencia,Centro Comunitario De Salud Familiar Andacollo,14,112303,12,Servicio de Salud Metropolitano Oriente,Centro Comunitario de Salud Familiar (CECOSF),Centro Comunitario de Salud Familiar Andacollo,Municipal,13123,Providencia,Vigente en Operación Habitual
200304,200304,Metropolitano Norte,Municipal ,Quilicura,Centro Comunitario De Salud Familiar Beato Padre Hurtado,322,109313,9,Servicio de Salud Metropolitano Norte,Centro Comunitario de Salud Familiar (CECOSF),Centro Comunitario de Salud Familiar Beato Padre Hurtado,Municipal,13125,Quilicura,Vigente en Operación Habitual
200337,200337,Metropolitano Sur,Municipal ,San Joaquín,Centro Comunitario De Salud Familia Martin Henríquez,732,113305,13,Servicio de Salud Metropolitano Sur,Centro Comunitario de Salud Familiar (CECOSF),Centro Comunitario de Salud Familiar Martín Henríquez,Municipal,13129,San Joaquín,Vigente en Operación Habitual
200342,200342,Metropolitano Occidente,Municipal ,Quinta Normal,Centro Comunitario De Salud  Familiar Salud Plaza México,3,110325,10,Servicio de Salud Metropolitano Occidente,Centro Comunitario de Salud Familiar (CECOSF),Centro Comunitario de Salud Familiar Plaza México,Municipal,13126,Quinta Normal,Vigente en Operación Habitual
200346,200346,Metropolitano Central,Servicio de Salud,Cerrillos,CECOSF Buzeta,129,111307,11,Servicio de Salud Metropolitano Central,Centro Comunitario de Salud Familiar (CECOSF),Centro Comunitario de Salud Familiar Buzeta,Servicio de Salud,13102,Cerrillos,Vigente en Operación Habitual
200347,200347,Metropolitano Norte,Municipal ,Conchalí,Centro Comunitario De Salud Familiar Alberto Bachelet,270,109308,9,Servicio de Salud Metropolitano Norte,Centro Comunitario de Salud Familiar (CECOSF),Centro Comunitario de Salud Familiar Alberto Bachelet,Municipal,13104,Conchalí,Vigente en Operación Habitual
200360,200360,Metropolitano Sur,Municipal ,La Cisterna,Centro Comunitario De Salud Familiar Eduardo Frei Montalva,395,113326,13,Servicio de Salud Metropolitano Sur,Centro Comunitario de Salud Familiar (CECOSF),Centro Comunitario de Salud Familiar Eduardo Frei Montalva,Municipal,13109,La Cisterna,Vigente en Operación Habitual
200361,200361,Metropolitano Sur,Municipal ,San Miguel,Centro Comunitario De Salud Familiar Atacama,1226,113302,13,Servicio de Salud Metropolitano Sur,Centro Comunitario de Salud Familiar (CECOSF),Centro Comunitario de Salud Familiar Atacama,Municipal,13130,San Miguel,Vigente en Operación Habitual
200365,200365,Metropolitano Occidente,Municipal ,Talagante,Centro Comunitario De Salud Familiar Villa Los Presidentes,39,110390,10,Servicio de Salud Metropolitano Occidente,Centro Comunitario de Salud Familiar (CECOSF),Centro Comunitario de Salud Familiar Villa Los Presidentes,Municipal,13601,Talagante,Vigente en Operación Habitual
200377,200377,Metropolitano Sur,Municipal ,San Bernardo,Centro Comunitario De Salud Familiar Dr. Raúl Brañes,470,113330,13,Servicio de Salud Metropolitano Sur,Centro Comunitario de Salud Familiar (CECOSF),Centro Comunitario de Salud Familiar Las Hortensias,Municipal,13401,San Bernardo,Vigente en Operación Habitual
200385,200385,Metropolitano Occidente,Municipal ,Isla De Maipo,Centro Comunitario De Salud Familiar San Vicente De Naltagua,131,110375,10,Servicio de Salud Metropolitano Occidente,Centro Comunitario de Salud Familiar (CECOSF),Centro Comunitario de Salud Familiar San Vicente de Naltagua,Municipal,13603,Isla de Maipo,Vigente en Operación Habitual
200454,200454,Metropolitano Occidente,Municipal ,El Monte,Centro Comunitario De Salud Familiar Lo Chacón ,179,110370,10,Servicio de Salud Metropolitano Occidente,Centro Comunitario de Salud Familiar (CECOSF),Centro Comunitario de Salud Familiar Lo Chacón,Municipal,13602,El Monte,Vigente en Operación Habitual
200554,200554,Metropolitano Norte,Municipal ,Independencia,Cecof Las Enredaderas,117,109300,9,Servicio de Salud Metropolitano Norte,Centro Comunitario de Salud Familiar (CECOSF),Centro Comunitario de Salud Familiar Las Enredaderas,Municipal,13108,Independencia,Vigente en Operación Habitual
200609,200609,Metropolitano Norte,Municipal ,Conchalí,Centro Comunitario De Salud Familiar Dr. Lucas Sierra,106,109302,9,Servicio de Salud Metropolitano Norte,Centro Comunitario de Salud Familiar (CECOSF),Centro Comunitario de Salud Familiar Dr. Lucas Sierra,Municipal,13104,Conchalí,Vigente en Operación Habitual
200643,200643,Metropolitano Central,Municipal ,Maipú,Centro Comunitario De Salud Familiar Los Bosquinos,28,111380,11,Servicio de Salud Metropolitano Central,Centro Comunitario de Salud Familiar (CECOSF),Centro Comunitario de Salud Familiar Los Bosquinos,Municipal,13119,Maipú,Vigente en Operación Habitual
200961,200961,Metropolitano Norte,Municipal ,Huechuraba,Cesfam Dr. Victor Castro Wirén,1438,,9,Servicio de Salud Metropolitano Norte,Centro de Salud Familiar (CESFAM),Centro de Salud Familiar Dr. Victor Castro Wiren,Municipal,13107,Huechuraba,Vigente en Operación Habitual
200962,200962,Metropolitano Sur,Municipal ,El Bosque,Cecosf Los Sauces,613,113312,13,Servicio de Salud Metropolitano Sur,Centro Comunitario de Salud Familiar (CECOSF),Centro Comunitario de Salud Familiar Los Sauces,Municipal,13105,El Bosque,Vigente en Operación Habitual
200965,200965,Metropolitano Occidente,Municipal ,Melipilla,Cesfam Florencia,1313,,10,Servicio de Salud Metropolitano Occidente,Centro de Salud Familiar (CESFAM),Centro de Salud Familiar Florencia,Municipal,13501,Melipilla,Vigente en Operación Habitual
201091,201091,Metropolitano Norte,Municipal ,Quilicura,Cesfam Marta Ugarte Roman,3776,,9,Servicio de Salud Metropolitano Norte,Centro de Salud Familiar (CESFAM),Centro de Salud Familiar Marta Ugarte Román,Municipal,13125,Quilicura,Vigente en Operación Habitual
201112,201112,Metropolitano Oriente,Municipal ,Peñalolén,Cesfam Las Torres,4085,,12,Servicio de Salud Metropolitano Oriente,Centro de Salud Familiar (CESFAM),Centro de Salud Familiar Las Torres,Municipal,13122,Peñalolén,Vigente en Operación Habitual
201129,201129,Metropolitano Central,Municipal ,Maipú,Centro Comunitario De Salud Familiar Lumen,75,111379,11,Servicio de Salud Metropolitano Central,Centro Comunitario de Salud Familiar (CECOSF),Centro Comunitario de Salud Familiar LUMEN,Municipal,13119,Maipú,Vigente en Operación Habitual
201462,201462,Metropolitano Norte,Municipal ,Colina,Centro De Salud Familiar La Reina,411,,9,Servicio de Salud Metropolitano Norte,Centro de Salud Familiar (CESFAM),CESFAM La Reina de Colina,Municipal,13301,Colina,Vigente en Operación Habitual
201674,311001,Metropolitano Central,Municipal ,Maipú,Cesfam El Abrazo Dr. Salvador Allende,1396,,11,Servicio de Salud Metropolitano Central,Centro de Salud Familiar (CESFAM),CESFAM El Abrazo Dr. Salvador Allende Gossens,Municipal,13119,Maipú,Vigente en Operación Habitual
